---- Department(학과) 

 create table department_info(
    department_id varchar2(20) not null,
    department_name varchar2(30) not null,
    constraint department_id_pk primary key(department_id)
);  

insert into department_info(department_id, department_name) values('1','philosophy');
insert into department_info(department_id, department_name) values('2','computer');
insert into department_info(department_id, department_name) values('3','social welfare');
insert into department_info(department_id, department_name) values('4','chemical');
insert into department_info(department_id, department_name) values('5','architecture');
insert into department_info(department_id, department_name) values('6','-');


-- Student_info(학생정보)

create table student_info(
    student_id varchar2(20),
    department_id varchar2(20),
    student_name varchar2(50) not null,
    student_email varchar2(30) not null,
    student_pwd varchar2(30) not null,
    constraint student_id_pk primary key(student_id),
    constraint department_id_fk foreign key(department_id)
    references department_info(department_id)
);

Insert into ENROLMENT.STUDENT_INFO (STUDENT_ID,DEPARTMENT_ID,STUDENT_NAME,STUDENT_EMAIL,STUDENT_PWD) values ('2019552020','3','Alcott','Alc8614@gmail.com','0000');
Insert into ENROLMENT.STUDENT_INFO (STUDENT_ID,DEPARTMENT_ID,STUDENT_NAME,STUDENT_EMAIL,STUDENT_PWD) values ('2020546733','1','Alden','Ald9116@gmail.com','0000');
Insert into ENROLMENT.STUDENT_INFO (STUDENT_ID,DEPARTMENT_ID,STUDENT_NAME,STUDENT_EMAIL,STUDENT_PWD) values ('2020077452','2','Aldous','Ald98729@gmail.com','0000');
Insert into ENROLMENT.STUDENT_INFO (STUDENT_ID,DEPARTMENT_ID,STUDENT_NAME,STUDENT_EMAIL,STUDENT_PWD) values ('2020753490','5','Aldrich','Ald99035702@gmail.com','0000');
Insert into ENROLMENT.STUDENT_INFO (STUDENT_ID,DEPARTMENT_ID,STUDENT_NAME,STUDENT_EMAIL,STUDENT_PWD) values ('2020386994','3','Alexis','Ale86817@gmail.com','0000');
Insert into ENROLMENT.STUDENT_INFO (STUDENT_ID,DEPARTMENT_ID,STUDENT_NAME,STUDENT_EMAIL,STUDENT_PWD) values ('2020520612','1','Alfie','Alf8792@gmail.com','0000');
Insert into ENROLMENT.STUDENT_INFO (STUDENT_ID,DEPARTMENT_ID,STUDENT_NAME,STUDENT_EMAIL,STUDENT_PWD) values ('2020927718','5','Calder','Cal9466@gmail.com','0000');
Insert into ENROLMENT.STUDENT_INFO (STUDENT_ID,DEPARTMENT_ID,STUDENT_NAME,STUDENT_EMAIL,STUDENT_PWD) values ('2019230431','4','Calico','Cal951121@gmail.com','0000');
Insert into ENROLMENT.STUDENT_INFO (STUDENT_ID,DEPARTMENT_ID,STUDENT_NAME,STUDENT_EMAIL,STUDENT_PWD) values ('2020137931','5','Dove','Dov961230@gmail.com','0000');
Insert into ENROLMENT.STUDENT_INFO (STUDENT_ID,DEPARTMENT_ID,STUDENT_NAME,STUDENT_EMAIL,STUDENT_PWD) values ('2020013958','4','Drake','Dra97929@gmail.com','0000');
Insert into ENROLMENT.STUDENT_INFO (STUDENT_ID,DEPARTMENT_ID,STUDENT_NAME,STUDENT_EMAIL,STUDENT_PWD) values ('2020452385','5','Fenton','Fen10122@gmail.com','0000');
Insert into ENROLMENT.STUDENT_INFO (STUDENT_ID,DEPARTMENT_ID,STUDENT_NAME,STUDENT_EMAIL,STUDENT_PWD) values ('2020310847','4','Ferebee','Fer11127@gmail.com','0000');
Insert into ENROLMENT.STUDENT_INFO (STUDENT_ID,DEPARTMENT_ID,STUDENT_NAME,STUDENT_EMAIL,STUDENT_PWD) values ('2020508142','3','Fielder','Fie1216@gmail.com','0000');
Insert into ENROLMENT.STUDENT_INFO (STUDENT_ID,DEPARTMENT_ID,STUDENT_NAME,STUDENT_EMAIL,STUDENT_PWD) values ('2020685292','3','Fielding','Fie131124@gmail.com','0000');
Insert into ENROLMENT.STUDENT_INFO (STUDENT_ID,DEPARTMENT_ID,STUDENT_NAME,STUDENT_EMAIL,STUDENT_PWD) values ('2020895233','1','Filmore','Fil14831@gmail.com','0000');
Insert into ENROLMENT.STUDENT_INFO (STUDENT_ID,DEPARTMENT_ID,STUDENT_NAME,STUDENT_EMAIL,STUDENT_PWD) values ('2020172111','3','Finch','Fin15425@gmail.com','0000');
Insert into ENROLMENT.STUDENT_INFO (STUDENT_ID,DEPARTMENT_ID,STUDENT_NAME,STUDENT_EMAIL,STUDENT_PWD) values ('2020894338','4','Finesse','Fin1649@gmail.com','0000');
Insert into ENROLMENT.STUDENT_INFO (STUDENT_ID,DEPARTMENT_ID,STUDENT_NAME,STUDENT_EMAIL,STUDENT_PWD) values ('2020029188','4','Finnick','Fin171222@gmail.com','0000');
Insert into ENROLMENT.STUDENT_INFO (STUDENT_ID,DEPARTMENT_ID,STUDENT_NAME,STUDENT_EMAIL,STUDENT_PWD) values ('2020027775','2','Fisk','Fis18710@gmail.com','0000');
Insert into ENROLMENT.STUDENT_INFO (STUDENT_ID,DEPARTMENT_ID,STUDENT_NAME,STUDENT_EMAIL,STUDENT_PWD) values ('2019238759','4','Fitzhugh','Fit19223@gmail.com','0000');
Insert into ENROLMENT.STUDENT_INFO (STUDENT_ID,DEPARTMENT_ID,STUDENT_NAME,STUDENT_EMAIL,STUDENT_PWD) values ('2019936832','1','Fitzroy','Fit20328@gmail.com','0000');
Insert into ENROLMENT.STUDENT_INFO (STUDENT_ID,DEPARTMENT_ID,STUDENT_NAME,STUDENT_EMAIL,STUDENT_PWD) values ('2020925230','2','Fitzwilliam','Fit211027@gmail.com','0000');
Insert into ENROLMENT.STUDENT_INFO (STUDENT_ID,DEPARTMENT_ID,STUDENT_NAME,STUDENT_EMAIL,STUDENT_PWD) values ('2020683011','3','Flash','Fla79724@gmail.com','0000');
Insert into ENROLMENT.STUDENT_INFO (STUDENT_ID,DEPARTMENT_ID,STUDENT_NAME,STUDENT_EMAIL,STUDENT_PWD) values ('2020400856','1','Fleetwood','Fle8549@gmail.com','0000');
Insert into ENROLMENT.STUDENT_INFO (STUDENT_ID,DEPARTMENT_ID,STUDENT_NAME,STUDENT_EMAIL,STUDENT_PWD) values ('2020320838','4','Jagger','Jag221025@gmail.com','0000');
Insert into ENROLMENT.STUDENT_INFO (STUDENT_ID,DEPARTMENT_ID,STUDENT_NAME,STUDENT_EMAIL,STUDENT_PWD) values ('2019985158','5','James','Jam2334@gmail.com','0000');
Insert into ENROLMENT.STUDENT_INFO (STUDENT_ID,DEPARTMENT_ID,STUDENT_NAME,STUDENT_EMAIL,STUDENT_PWD) values ('2019759616','3','Jameson','Jam24227@gmail.com','0000');
Insert into ENROLMENT.STUDENT_INFO (STUDENT_ID,DEPARTMENT_ID,STUDENT_NAME,STUDENT_EMAIL,STUDENT_PWD) values ('2020361996','2','Jane','Jan25323@gmail.com','0000');
Insert into ENROLMENT.STUDENT_INFO (STUDENT_ID,DEPARTMENT_ID,STUDENT_NAME,STUDENT_EMAIL,STUDENT_PWD) values ('2020723122','4','Janet','Jan26824@gmail.com','0000');
Insert into ENROLMENT.STUDENT_INFO (STUDENT_ID,DEPARTMENT_ID,STUDENT_NAME,STUDENT_EMAIL,STUDENT_PWD) values ('2020804982','1','Jarman','Jar271117@gmail.com','0000');
Insert into ENROLMENT.STUDENT_INFO (STUDENT_ID,DEPARTMENT_ID,STUDENT_NAME,STUDENT_EMAIL,STUDENT_PWD) values ('2020821285','5','Jarrell','Jar28330@gmail.com','0000');
Insert into ENROLMENT.STUDENT_INFO (STUDENT_ID,DEPARTMENT_ID,STUDENT_NAME,STUDENT_EMAIL,STUDENT_PWD) values ('2019445901','4','Jarrett','Jar29422@gmail.com','0000');
Insert into ENROLMENT.STUDENT_INFO (STUDENT_ID,DEPARTMENT_ID,STUDENT_NAME,STUDENT_EMAIL,STUDENT_PWD) values ('2020317424','5','Jaxon','Jax73618@gmail.com','0000');
Insert into ENROLMENT.STUDENT_INFO (STUDENT_ID,DEPARTMENT_ID,STUDENT_NAME,STUDENT_EMAIL,STUDENT_PWD) values ('2020876488','1','Jayleen','Jay74923@gmail.com','0000');
Insert into ENROLMENT.STUDENT_INFO (STUDENT_ID,DEPARTMENT_ID,STUDENT_NAME,STUDENT_EMAIL,STUDENT_PWD) values ('2020619196','1','Jazz','Jaz75129@gmail.com','0000');
Insert into ENROLMENT.STUDENT_INFO (STUDENT_ID,DEPARTMENT_ID,STUDENT_NAME,STUDENT_EMAIL,STUDENT_PWD) values ('2020483793','5','Jean','Jea7633@gmail.com','0000');
Insert into ENROLMENT.STUDENT_INFO (STUDENT_ID,DEPARTMENT_ID,STUDENT_NAME,STUDENT_EMAIL,STUDENT_PWD) values ('2020965655','5','Jefferson','Jef7761@gmail.com','0000');
Insert into ENROLMENT.STUDENT_INFO (STUDENT_ID,DEPARTMENT_ID,STUDENT_NAME,STUDENT_EMAIL,STUDENT_PWD) values ('2019403429','1','Jeffrey','Jef78925@gmail.com','0000');
Insert into ENROLMENT.STUDENT_INFO (STUDENT_ID,DEPARTMENT_ID,STUDENT_NAME,STUDENT_EMAIL,STUDENT_PWD) values ('2020068657','1','Lane','Lan1213@gmail.com','0000');
Insert into ENROLMENT.STUDENT_INFO (STUDENT_ID,DEPARTMENT_ID,STUDENT_NAME,STUDENT_EMAIL,STUDENT_PWD) values ('2019846665','5','Lanford','Lan2819@gmail.com','0000');
Insert into ENROLMENT.STUDENT_INFO (STUDENT_ID,DEPARTMENT_ID,STUDENT_NAME,STUDENT_EMAIL,STUDENT_PWD) values ('2020110366','5','Langdon','Lan324@gmail.com','0000');
Insert into ENROLMENT.STUDENT_INFO (STUDENT_ID,DEPARTMENT_ID,STUDENT_NAME,STUDENT_EMAIL,STUDENT_PWD) values ('2020566275','3','Langley','Lan41231@gmail.com','0000');
Insert into ENROLMENT.STUDENT_INFO (STUDENT_ID,DEPARTMENT_ID,STUDENT_NAME,STUDENT_EMAIL,STUDENT_PWD) values ('2019311009','5','Langston','Lan5926@gmail.com','0000');
Insert into ENROLMENT.STUDENT_INFO (STUDENT_ID,DEPARTMENT_ID,STUDENT_NAME,STUDENT_EMAIL,STUDENT_PWD) values ('2019249663','5','Lark','Lar61026@gmail.com','0000');
Insert into ENROLMENT.STUDENT_INFO (STUDENT_ID,DEPARTMENT_ID,STUDENT_NAME,STUDENT_EMAIL,STUDENT_PWD) values ('2019244943','3','Lathan','Lat7621@gmail.com','0000');
Insert into ENROLMENT.STUDENT_INFO (STUDENT_ID,DEPARTMENT_ID,STUDENT_NAME,STUDENT_EMAIL,STUDENT_PWD) values ('2020477156','5','Lauren','Lau88812@gmail.com','0000');
Insert into ENROLMENT.STUDENT_INFO (STUDENT_ID,DEPARTMENT_ID,STUDENT_NAME,STUDENT_EMAIL,STUDENT_PWD) values ('2020930276','3','Laurie','Lau89725@gmail.com','0000');
Insert into ENROLMENT.STUDENT_INFO (STUDENT_ID,DEPARTMENT_ID,STUDENT_NAME,STUDENT_EMAIL,STUDENT_PWD) values ('2020056348','3','Lavender','Lav9089@gmail.com','0000');
Insert into ENROLMENT.STUDENT_INFO (STUDENT_ID,DEPARTMENT_ID,STUDENT_NAME,STUDENT_EMAIL,STUDENT_PWD) values ('2020370972','5','Lawson','Law9198@gmail.com','0000');
Insert into ENROLMENT.STUDENT_INFO (STUDENT_ID,DEPARTMENT_ID,STUDENT_NAME,STUDENT_EMAIL,STUDENT_PWD) values ('2020148185','5','Lea','Lea921020@gmail.com','0000');
Insert into ENROLMENT.STUDENT_INFO (STUDENT_ID,DEPARTMENT_ID,STUDENT_NAME,STUDENT_EMAIL,STUDENT_PWD) values ('2019248745','3','Ledger','Led9341@gmail.com','0000');
Insert into ENROLMENT.STUDENT_INFO (STUDENT_ID,DEPARTMENT_ID,STUDENT_NAME,STUDENT_EMAIL,STUDENT_PWD) values ('2020060724','3','Maggie','Mag30928@gmail.com','0000');
Insert into ENROLMENT.STUDENT_INFO (STUDENT_ID,DEPARTMENT_ID,STUDENT_NAME,STUDENT_EMAIL,STUDENT_PWD) values ('2020747305','4','Maida','Mai3172@gmail.com','0000');
Insert into ENROLMENT.STUDENT_INFO (STUDENT_ID,DEPARTMENT_ID,STUDENT_NAME,STUDENT_EMAIL,STUDENT_PWD) values ('2019980408','5','Mailer','Mai32815@gmail.com','0000');
Insert into ENROLMENT.STUDENT_INFO (STUDENT_ID,DEPARTMENT_ID,STUDENT_NAME,STUDENT_EMAIL,STUDENT_PWD) values ('2019421041','5','Malin','Mal33628@gmail.com','0000');
Insert into ENROLMENT.STUDENT_INFO (STUDENT_ID,DEPARTMENT_ID,STUDENT_NAME,STUDENT_EMAIL,STUDENT_PWD) values ('2020012111','3','Manley','Man34620@gmail.com','0000');
Insert into ENROLMENT.STUDENT_INFO (STUDENT_ID,DEPARTMENT_ID,STUDENT_NAME,STUDENT_EMAIL,STUDENT_PWD) values ('2019227511','3','Manny','Man3562@gmail.com','0000');
Insert into ENROLMENT.STUDENT_INFO (STUDENT_ID,DEPARTMENT_ID,STUDENT_NAME,STUDENT_EMAIL,STUDENT_PWD) values ('2020850993','4','Marge','Mar6574@gmail.com','0000');
Insert into ENROLMENT.STUDENT_INFO (STUDENT_ID,DEPARTMENT_ID,STUDENT_NAME,STUDENT_EMAIL,STUDENT_PWD) values ('2019292753','2','Marigold','Mar66521@gmail.com','0000');
Insert into ENROLMENT.STUDENT_INFO (STUDENT_ID,DEPARTMENT_ID,STUDENT_NAME,STUDENT_EMAIL,STUDENT_PWD) values ('2020505603','3','Marilyn','Mar6793@gmail.com','0000');
Insert into ENROLMENT.STUDENT_INFO (STUDENT_ID,DEPARTMENT_ID,STUDENT_NAME,STUDENT_EMAIL,STUDENT_PWD) values ('2020011798','5','Marlee','Mar68821@gmail.com','0000');
Insert into ENROLMENT.STUDENT_INFO (STUDENT_ID,DEPARTMENT_ID,STUDENT_NAME,STUDENT_EMAIL,STUDENT_PWD) values ('2020798515','4','Marley','Mar6985@gmail.com','0000');
Insert into ENROLMENT.STUDENT_INFO (STUDENT_ID,DEPARTMENT_ID,STUDENT_NAME,STUDENT_EMAIL,STUDENT_PWD) values ('2020233995','4','Marlon','Mar70219@gmail.com','0000');
Insert into ENROLMENT.STUDENT_INFO (STUDENT_ID,DEPARTMENT_ID,STUDENT_NAME,STUDENT_EMAIL,STUDENT_PWD) values ('2019460713','4','Marlow','Mar7121@gmail.com','0000');
Insert into ENROLMENT.STUDENT_INFO (STUDENT_ID,DEPARTMENT_ID,STUDENT_NAME,STUDENT_EMAIL,STUDENT_PWD) values ('2020097878','5','Marlowe','Mar721031@gmail.com','0000');
Insert into ENROLMENT.STUDENT_INFO (STUDENT_ID,DEPARTMENT_ID,STUDENT_NAME,STUDENT_EMAIL,STUDENT_PWD) values ('2020131041','2','Norabel','Nor36119@gmail.com','0000');
Insert into ENROLMENT.STUDENT_INFO (STUDENT_ID,DEPARTMENT_ID,STUDENT_NAME,STUDENT_EMAIL,STUDENT_PWD) values ('2019351350','5','Noreen','Nor3759@gmail.com','0000');
Insert into ENROLMENT.STUDENT_INFO (STUDENT_ID,DEPARTMENT_ID,STUDENT_NAME,STUDENT_EMAIL,STUDENT_PWD) values ('2019537335','2','Norfolk','Nor381017@gmail.com','0000');
Insert into ENROLMENT.STUDENT_INFO (STUDENT_ID,DEPARTMENT_ID,STUDENT_NAME,STUDENT_EMAIL,STUDENT_PWD) values ('2019520272','5','Norma','Nor39811@gmail.com','0000');
Insert into ENROLMENT.STUDENT_INFO (STUDENT_ID,DEPARTMENT_ID,STUDENT_NAME,STUDENT_EMAIL,STUDENT_PWD) values ('2020941753','2','Norman','Nor40107@gmail.com','0000');
Insert into ENROLMENT.STUDENT_INFO (STUDENT_ID,DEPARTMENT_ID,STUDENT_NAME,STUDENT_EMAIL,STUDENT_PWD) values ('2020110229','2','Northcliff','Nor41119@gmail.com','0000');
Insert into ENROLMENT.STUDENT_INFO (STUDENT_ID,DEPARTMENT_ID,STUDENT_NAME,STUDENT_EMAIL,STUDENT_PWD) values ('2020691315','5','Northrop','Nor421229@gmail.com','0000');
Insert into ENROLMENT.STUDENT_INFO (STUDENT_ID,DEPARTMENT_ID,STUDENT_NAME,STUDENT_EMAIL,STUDENT_PWD) values ('2019309909','2','Norton','Nor43727@gmail.com','0000');
Insert into ENROLMENT.STUDENT_INFO (STUDENT_ID,DEPARTMENT_ID,STUDENT_NAME,STUDENT_EMAIL,STUDENT_PWD) values ('2019264816','1','Norvin','Nor4467@gmail.com','0000');
Insert into ENROLMENT.STUDENT_INFO (STUDENT_ID,DEPARTMENT_ID,STUDENT_NAME,STUDENT_EMAIL,STUDENT_PWD) values ('2020047094','5','Norwood','Nor45119@gmail.com','0000');
Insert into ENROLMENT.STUDENT_INFO (STUDENT_ID,DEPARTMENT_ID,STUDENT_NAME,STUDENT_EMAIL,STUDENT_PWD) values ('2020122683','5','Noyce','Noy46513@gmail.com','0000');
Insert into ENROLMENT.STUDENT_INFO (STUDENT_ID,DEPARTMENT_ID,STUDENT_NAME,STUDENT_EMAIL,STUDENT_PWD) values ('2020347212','2','Oakes','Oak47823@gmail.com','0000');
Insert into ENROLMENT.STUDENT_INFO (STUDENT_ID,DEPARTMENT_ID,STUDENT_NAME,STUDENT_EMAIL,STUDENT_PWD) values ('2020587087','4','Oakley','Oak4896@gmail.com','0000');
Insert into ENROLMENT.STUDENT_INFO (STUDENT_ID,DEPARTMENT_ID,STUDENT_NAME,STUDENT_EMAIL,STUDENT_PWD) values ('2020150850','4','Oberon','Obe49121@gmail.com','0000');
Insert into ENROLMENT.STUDENT_INFO (STUDENT_ID,DEPARTMENT_ID,STUDENT_NAME,STUDENT_EMAIL,STUDENT_PWD) values ('2019241954','1','Oberon','Obe60412@gmail.com','0000');
Insert into ENROLMENT.STUDENT_INFO (STUDENT_ID,DEPARTMENT_ID,STUDENT_NAME,STUDENT_EMAIL,STUDENT_PWD) values ('2019431340','1','Odele','Ode611024@gmail.com','0000');
Insert into ENROLMENT.STUDENT_INFO (STUDENT_ID,DEPARTMENT_ID,STUDENT_NAME,STUDENT_EMAIL,STUDENT_PWD) values ('2020163542','1','Odell','Ode6266@gmail.com','0000');
Insert into ENROLMENT.STUDENT_INFO (STUDENT_ID,DEPARTMENT_ID,STUDENT_NAME,STUDENT_EMAIL,STUDENT_PWD) values ('2020023534','3','Ogden','Ogd6327@gmail.com','0000');
Insert into ENROLMENT.STUDENT_INFO (STUDENT_ID,DEPARTMENT_ID,STUDENT_NAME,STUDENT_EMAIL,STUDENT_PWD) values ('2020638084','1','Olive','Oli641119@gmail.com','0000');
Insert into ENROLMENT.STUDENT_INFO (STUDENT_ID,DEPARTMENT_ID,STUDENT_NAME,STUDENT_EMAIL,STUDENT_PWD) values ('2019768543','2','Parker','Par50129@gmail.com','0000');
Insert into ENROLMENT.STUDENT_INFO (STUDENT_ID,DEPARTMENT_ID,STUDENT_NAME,STUDENT_EMAIL,STUDENT_PWD) values ('2019641872','2','Parkin','Par511124@gmail.com','0000');
Insert into ENROLMENT.STUDENT_INFO (STUDENT_ID,DEPARTMENT_ID,STUDENT_NAME,STUDENT_EMAIL,STUDENT_PWD) values ('2020898930','3','Parr','Par52103@gmail.com','0000');
Insert into ENROLMENT.STUDENT_INFO (STUDENT_ID,DEPARTMENT_ID,STUDENT_NAME,STUDENT_EMAIL,STUDENT_PWD) values ('2019521551','5','Parson','Par53929@gmail.com','0000');
Insert into ENROLMENT.STUDENT_INFO (STUDENT_ID,DEPARTMENT_ID,STUDENT_NAME,STUDENT_EMAIL,STUDENT_PWD) values ('2020063186','2','Parton','Par541220@gmail.com','0000');
Insert into ENROLMENT.STUDENT_INFO (STUDENT_ID,DEPARTMENT_ID,STUDENT_NAME,STUDENT_EMAIL,STUDENT_PWD) values ('2020042401','1','Pascal','Pas55930@gmail.com','0000');
Insert into ENROLMENT.STUDENT_INFO (STUDENT_ID,DEPARTMENT_ID,STUDENT_NAME,STUDENT_EMAIL,STUDENT_PWD) values ('2020079820','4','Pascoe','Pas56217@gmail.com','0000');
Insert into ENROLMENT.STUDENT_INFO (STUDENT_ID,DEPARTMENT_ID,STUDENT_NAME,STUDENT_EMAIL,STUDENT_PWD) values ('2019597473','1','Pat','Pat57212@gmail.com','0000');
Insert into ENROLMENT.STUDENT_INFO (STUDENT_ID,DEPARTMENT_ID,STUDENT_NAME,STUDENT_EMAIL,STUDENT_PWD) values ('2020938718','3','Paterson','Pat58119@gmail.com','0000');
Insert into ENROLMENT.STUDENT_INFO (STUDENT_ID,DEPARTMENT_ID,STUDENT_NAME,STUDENT_EMAIL,STUDENT_PWD) values ('2020415945','2','Patsy','Pat59421@gmail.com','0000');
Insert into ENROLMENT.STUDENT_INFO (STUDENT_ID,DEPARTMENT_ID,STUDENT_NAME,STUDENT_EMAIL,STUDENT_PWD) values ('2019743527','1','Remington','Rem80626@gmail.com','0000');
Insert into ENROLMENT.STUDENT_INFO (STUDENT_ID,DEPARTMENT_ID,STUDENT_NAME,STUDENT_EMAIL,STUDENT_PWD) values ('2020746483','5','Revel','Rev811011@gmail.com','0000');
Insert into ENROLMENT.STUDENT_INFO (STUDENT_ID,DEPARTMENT_ID,STUDENT_NAME,STUDENT_EMAIL,STUDENT_PWD) values ('2020264247','3','Reverie','Rev8216@gmail.com','0000');
Insert into ENROLMENT.STUDENT_INFO (STUDENT_ID,DEPARTMENT_ID,STUDENT_NAME,STUDENT_EMAIL,STUDENT_PWD) values ('2020505796','1','Reynold','Rey83620@gmail.com','0000');
Insert into ENROLMENT.STUDENT_INFO (STUDENT_ID,DEPARTMENT_ID,STUDENT_NAME,STUDENT_EMAIL,STUDENT_PWD) values ('2019372207','4','Rhett','Rhe8468@gmail.com','0000');
Insert into ENROLMENT.STUDENT_INFO (STUDENT_ID,DEPARTMENT_ID,STUDENT_NAME,STUDENT_EMAIL,STUDENT_PWD) values ('2020751179','4','Tomy','Tom100036005@gmail.com','0000');

--------------------------------------------------------------------------------------------------------------------------------------------------------------------------------------------------------------
-- Subject_info(과목정보)

create table subject_info(
    major_or_not varchar2(10),
    subject_id varchar2(20) not null,
    subject_name varchar2(60),
    subject_score number(2),
    constraint subject_id_pk primary key(subject_id)
);  

Insert into ENROLMENT.SUBJECT_INFO (MAJOR_OR_NOT,SUBJECT_ID,SUBJECT_NAME,SUBJECT_SCORE) values ('전공','1001','문화와철학',3);
Insert into ENROLMENT.SUBJECT_INFO (MAJOR_OR_NOT,SUBJECT_ID,SUBJECT_NAME,SUBJECT_SCORE) values ('전공','1002','철학입문',3);
Insert into ENROLMENT.SUBJECT_INFO (MAJOR_OR_NOT,SUBJECT_ID,SUBJECT_NAME,SUBJECT_SCORE) values ('전공','1003','기호논리학',3);
Insert into ENROLMENT.SUBJECT_INFO (MAJOR_OR_NOT,SUBJECT_ID,SUBJECT_NAME,SUBJECT_SCORE) values ('전공','1004','동양고.중세철학사',3);
Insert into ENROLMENT.SUBJECT_INFO (MAJOR_OR_NOT,SUBJECT_ID,SUBJECT_NAME,SUBJECT_SCORE) values ('전공','1005','서양고대철학사',3);
Insert into ENROLMENT.SUBJECT_INFO (MAJOR_OR_NOT,SUBJECT_ID,SUBJECT_NAME,SUBJECT_SCORE) values ('전공','1006','철학원강',3);
Insert into ENROLMENT.SUBJECT_INFO (MAJOR_OR_NOT,SUBJECT_ID,SUBJECT_NAME,SUBJECT_SCORE) values ('전공','1007','철학적글쓰기',3);
Insert into ENROLMENT.SUBJECT_INFO (MAJOR_OR_NOT,SUBJECT_ID,SUBJECT_NAME,SUBJECT_SCORE) values ('전공','1008','근현대독일철학',3);
Insert into ENROLMENT.SUBJECT_INFO (MAJOR_OR_NOT,SUBJECT_ID,SUBJECT_NAME,SUBJECT_SCORE) values ('전공','1009','문학과철학',3);
Insert into ENROLMENT.SUBJECT_INFO (MAJOR_OR_NOT,SUBJECT_ID,SUBJECT_NAME,SUBJECT_SCORE) values ('전공','1010','인식론',3);
Insert into ENROLMENT.SUBJECT_INFO (MAJOR_OR_NOT,SUBJECT_ID,SUBJECT_NAME,SUBJECT_SCORE) values ('전공','1011','한국철학사',3);
Insert into ENROLMENT.SUBJECT_INFO (MAJOR_OR_NOT,SUBJECT_ID,SUBJECT_NAME,SUBJECT_SCORE) values ('전공','1012','희랍철학특강',3);
Insert into ENROLMENT.SUBJECT_INFO (MAJOR_OR_NOT,SUBJECT_ID,SUBJECT_NAME,SUBJECT_SCORE) values ('전공','1013','사회정치철학',3);
Insert into ENROLMENT.SUBJECT_INFO (MAJOR_OR_NOT,SUBJECT_ID,SUBJECT_NAME,SUBJECT_SCORE) values ('전공','1014','영미철학특강',3);
Insert into ENROLMENT.SUBJECT_INFO (MAJOR_OR_NOT,SUBJECT_ID,SUBJECT_NAME,SUBJECT_SCORE) values ('전공','1015','유학사상',3);
Insert into ENROLMENT.SUBJECT_INFO (MAJOR_OR_NOT,SUBJECT_ID,SUBJECT_NAME,SUBJECT_SCORE) values ('전공','1016','철학세미나2',3);
Insert into ENROLMENT.SUBJECT_INFO (MAJOR_OR_NOT,SUBJECT_ID,SUBJECT_NAME,SUBJECT_SCORE) values ('전공','2001','공학수학1',3);
Insert into ENROLMENT.SUBJECT_INFO (MAJOR_OR_NOT,SUBJECT_ID,SUBJECT_NAME,SUBJECT_SCORE) values ('전공','2002','데이터베이스',3);
Insert into ENROLMENT.SUBJECT_INFO (MAJOR_OR_NOT,SUBJECT_ID,SUBJECT_NAME,SUBJECT_SCORE) values ('전공','2003','모바일네트워크',3);
Insert into ENROLMENT.SUBJECT_INFO (MAJOR_OR_NOT,SUBJECT_ID,SUBJECT_NAME,SUBJECT_SCORE) values ('전공','2004','빅데이터분산컴퓨팅',3);
Insert into ENROLMENT.SUBJECT_INFO (MAJOR_OR_NOT,SUBJECT_ID,SUBJECT_NAME,SUBJECT_SCORE) values ('전공','2005','빅데이터시스템',3);
Insert into ENROLMENT.SUBJECT_INFO (MAJOR_OR_NOT,SUBJECT_ID,SUBJECT_NAME,SUBJECT_SCORE) values ('전공','2006','알고리즘',3);
Insert into ENROLMENT.SUBJECT_INFO (MAJOR_OR_NOT,SUBJECT_ID,SUBJECT_NAME,SUBJECT_SCORE) values ('전공','2007','운영체제',3);
Insert into ENROLMENT.SUBJECT_INFO (MAJOR_OR_NOT,SUBJECT_ID,SUBJECT_NAME,SUBJECT_SCORE) values ('전공','2008','인공지능',3);
Insert into ENROLMENT.SUBJECT_INFO (MAJOR_OR_NOT,SUBJECT_ID,SUBJECT_NAME,SUBJECT_SCORE) values ('전공','2009','임베디드시스템구조',3);
Insert into ENROLMENT.SUBJECT_INFO (MAJOR_OR_NOT,SUBJECT_ID,SUBJECT_NAME,SUBJECT_SCORE) values ('전공','2010','정보보안 ',3);
Insert into ENROLMENT.SUBJECT_INFO (MAJOR_OR_NOT,SUBJECT_ID,SUBJECT_NAME,SUBJECT_SCORE) values ('전공','2011','컴퓨터구조',3);
Insert into ENROLMENT.SUBJECT_INFO (MAJOR_OR_NOT,SUBJECT_ID,SUBJECT_NAME,SUBJECT_SCORE) values ('전공','2012','컴퓨터네트워크',3);
Insert into ENROLMENT.SUBJECT_INFO (MAJOR_OR_NOT,SUBJECT_ID,SUBJECT_NAME,SUBJECT_SCORE) values ('전공','2013','컴퓨터수학2',3);
Insert into ENROLMENT.SUBJECT_INFO (MAJOR_OR_NOT,SUBJECT_ID,SUBJECT_NAME,SUBJECT_SCORE) values ('전공','2014','프로그래밍2및실습',4);
Insert into ENROLMENT.SUBJECT_INFO (MAJOR_OR_NOT,SUBJECT_ID,SUBJECT_NAME,SUBJECT_SCORE) values ('전공','3001','사회문제론',3);
Insert into ENROLMENT.SUBJECT_INFO (MAJOR_OR_NOT,SUBJECT_ID,SUBJECT_NAME,SUBJECT_SCORE) values ('전공','3002','인간행동과사회환경 ',3);
Insert into ENROLMENT.SUBJECT_INFO (MAJOR_OR_NOT,SUBJECT_ID,SUBJECT_NAME,SUBJECT_SCORE) values ('전공','3003','자원봉사론 ',3);
Insert into ENROLMENT.SUBJECT_INFO (MAJOR_OR_NOT,SUBJECT_ID,SUBJECT_NAME,SUBJECT_SCORE) values ('전공','3004','사회복지실천기술론 ',3);
Insert into ENROLMENT.SUBJECT_INFO (MAJOR_OR_NOT,SUBJECT_ID,SUBJECT_NAME,SUBJECT_SCORE) values ('전공','3005','사회복지자료분석론',3);
Insert into ENROLMENT.SUBJECT_INFO (MAJOR_OR_NOT,SUBJECT_ID,SUBJECT_NAME,SUBJECT_SCORE) values ('전공','3006','사회복지정치경제론',3);
Insert into ENROLMENT.SUBJECT_INFO (MAJOR_OR_NOT,SUBJECT_ID,SUBJECT_NAME,SUBJECT_SCORE) values ('전공','3007','정신건강사회복지론 ',3);
Insert into ENROLMENT.SUBJECT_INFO (MAJOR_OR_NOT,SUBJECT_ID,SUBJECT_NAME,SUBJECT_SCORE) values ('전공','3008','청소년복지론',3);
Insert into ENROLMENT.SUBJECT_INFO (MAJOR_OR_NOT,SUBJECT_ID,SUBJECT_NAME,SUBJECT_SCORE) values ('전공','3009','비교사회복지',3);
Insert into ENROLMENT.SUBJECT_INFO (MAJOR_OR_NOT,SUBJECT_ID,SUBJECT_NAME,SUBJECT_SCORE) values ('전공','3010','사례관리론',3);
Insert into ENROLMENT.SUBJECT_INFO (MAJOR_OR_NOT,SUBJECT_ID,SUBJECT_NAME,SUBJECT_SCORE) values ('전공','3011','사회복지법제 ',3);
Insert into ENROLMENT.SUBJECT_INFO (MAJOR_OR_NOT,SUBJECT_ID,SUBJECT_NAME,SUBJECT_SCORE) values ('전공','3012','사회복지실무실습 ',3);
Insert into ENROLMENT.SUBJECT_INFO (MAJOR_OR_NOT,SUBJECT_ID,SUBJECT_NAME,SUBJECT_SCORE) values ('전공','3013','장애인복지론',3);
Insert into ENROLMENT.SUBJECT_INFO (MAJOR_OR_NOT,SUBJECT_ID,SUBJECT_NAME,SUBJECT_SCORE) values ('전공','3014','지역사회복지론 ',3);
Insert into ENROLMENT.SUBJECT_INFO (MAJOR_OR_NOT,SUBJECT_ID,SUBJECT_NAME,SUBJECT_SCORE) values ('전공','3015','학교사회복지론',3);
Insert into ENROLMENT.SUBJECT_INFO (MAJOR_OR_NOT,SUBJECT_ID,SUBJECT_NAME,SUBJECT_SCORE) values ('전공','3016','가족상담',3);
Insert into ENROLMENT.SUBJECT_INFO (MAJOR_OR_NOT,SUBJECT_ID,SUBJECT_NAME,SUBJECT_SCORE) values ('전공','3017','복지국가론',3);
Insert into ENROLMENT.SUBJECT_INFO (MAJOR_OR_NOT,SUBJECT_ID,SUBJECT_NAME,SUBJECT_SCORE) values ('전공','3018','사회복지와모금',3);
Insert into ENROLMENT.SUBJECT_INFO (MAJOR_OR_NOT,SUBJECT_ID,SUBJECT_NAME,SUBJECT_SCORE) values ('전공','3019','사회복지윤리와철학',3);
Insert into ENROLMENT.SUBJECT_INFO (MAJOR_OR_NOT,SUBJECT_ID,SUBJECT_NAME,SUBJECT_SCORE) values ('전공','4001','화학2 및 실험',4);
Insert into ENROLMENT.SUBJECT_INFO (MAJOR_OR_NOT,SUBJECT_ID,SUBJECT_NAME,SUBJECT_SCORE) values ('전공','4002','물리화학2  ',3);
Insert into ENROLMENT.SUBJECT_INFO (MAJOR_OR_NOT,SUBJECT_ID,SUBJECT_NAME,SUBJECT_SCORE) values ('전공','4003','분석화학2',3);
Insert into ENROLMENT.SUBJECT_INFO (MAJOR_OR_NOT,SUBJECT_ID,SUBJECT_NAME,SUBJECT_SCORE) values ('전공','4004','분석화학실험',4);
Insert into ENROLMENT.SUBJECT_INFO (MAJOR_OR_NOT,SUBJECT_ID,SUBJECT_NAME,SUBJECT_SCORE) values ('전공','4005','양자나노소재',3);
Insert into ENROLMENT.SUBJECT_INFO (MAJOR_OR_NOT,SUBJECT_ID,SUBJECT_NAME,SUBJECT_SCORE) values ('전공','4006','유기화학2 ',3);
Insert into ENROLMENT.SUBJECT_INFO (MAJOR_OR_NOT,SUBJECT_ID,SUBJECT_NAME,SUBJECT_SCORE) values ('전공','4007','유기화학실험2',4);
Insert into ENROLMENT.SUBJECT_INFO (MAJOR_OR_NOT,SUBJECT_ID,SUBJECT_NAME,SUBJECT_SCORE) values ('전공','4008','무기화학2',3);
Insert into ENROLMENT.SUBJECT_INFO (MAJOR_OR_NOT,SUBJECT_ID,SUBJECT_NAME,SUBJECT_SCORE) values ('전공','4009','물리화학실험2',4);
Insert into ENROLMENT.SUBJECT_INFO (MAJOR_OR_NOT,SUBJECT_ID,SUBJECT_NAME,SUBJECT_SCORE) values ('전공','4010','생화학2',3);
Insert into ENROLMENT.SUBJECT_INFO (MAJOR_OR_NOT,SUBJECT_ID,SUBJECT_NAME,SUBJECT_SCORE) values ('전공','4011','양자나노소재합성및분석',3);
Insert into ENROLMENT.SUBJECT_INFO (MAJOR_OR_NOT,SUBJECT_ID,SUBJECT_NAME,SUBJECT_SCORE) values ('전공','4012','유기분석',3);
Insert into ENROLMENT.SUBJECT_INFO (MAJOR_OR_NOT,SUBJECT_ID,SUBJECT_NAME,SUBJECT_SCORE) values ('전공','4013','환경화학',3);
Insert into ENROLMENT.SUBJECT_INFO (MAJOR_OR_NOT,SUBJECT_ID,SUBJECT_NAME,SUBJECT_SCORE) values ('전공','4014','단백질생화학',3);
Insert into ENROLMENT.SUBJECT_INFO (MAJOR_OR_NOT,SUBJECT_ID,SUBJECT_NAME,SUBJECT_SCORE) values ('전공','4015','무기재료화학',3);
Insert into ENROLMENT.SUBJECT_INFO (MAJOR_OR_NOT,SUBJECT_ID,SUBJECT_NAME,SUBJECT_SCORE) values ('전공','4016','물리화학특강',3);
Insert into ENROLMENT.SUBJECT_INFO (MAJOR_OR_NOT,SUBJECT_ID,SUBJECT_NAME,SUBJECT_SCORE) values ('전공','5001','건축구조의이해',3);
Insert into ENROLMENT.SUBJECT_INFO (MAJOR_OR_NOT,SUBJECT_ID,SUBJECT_NAME,SUBJECT_SCORE) values ('전공','5002','건축환경물리',3);
Insert into ENROLMENT.SUBJECT_INFO (MAJOR_OR_NOT,SUBJECT_ID,SUBJECT_NAME,SUBJECT_SCORE) values ('전공','5003','기초건축설계',6);
Insert into ENROLMENT.SUBJECT_INFO (MAJOR_OR_NOT,SUBJECT_ID,SUBJECT_NAME,SUBJECT_SCORE) values ('전공','5004','기초공학수학1',3);
Insert into ENROLMENT.SUBJECT_INFO (MAJOR_OR_NOT,SUBJECT_ID,SUBJECT_NAME,SUBJECT_SCORE) values ('전공','5005','건축IT',3);
Insert into ENROLMENT.SUBJECT_INFO (MAJOR_OR_NOT,SUBJECT_ID,SUBJECT_NAME,SUBJECT_SCORE) values ('전공','5006','건축리모델링',3);
Insert into ENROLMENT.SUBJECT_INFO (MAJOR_OR_NOT,SUBJECT_ID,SUBJECT_NAME,SUBJECT_SCORE) values ('전공','5007','구조역학및실습',4);
Insert into ENROLMENT.SUBJECT_INFO (MAJOR_OR_NOT,SUBJECT_ID,SUBJECT_NAME,SUBJECT_SCORE) values ('전공','5008','건축설비2',3);
Insert into ENROLMENT.SUBJECT_INFO (MAJOR_OR_NOT,SUBJECT_ID,SUBJECT_NAME,SUBJECT_SCORE) values ('전공','5009','건축시공및적산2',3);
Insert into ENROLMENT.SUBJECT_INFO (MAJOR_OR_NOT,SUBJECT_ID,SUBJECT_NAME,SUBJECT_SCORE) values ('전공','5010','건축실무',3);
Insert into ENROLMENT.SUBJECT_INFO (MAJOR_OR_NOT,SUBJECT_ID,SUBJECT_NAME,SUBJECT_SCORE) values ('전공','5011','수치해석및실습',4);
Insert into ENROLMENT.SUBJECT_INFO (MAJOR_OR_NOT,SUBJECT_ID,SUBJECT_NAME,SUBJECT_SCORE) values ('전공','5012','철근콘크리트2',3);
Insert into ENROLMENT.SUBJECT_INFO (MAJOR_OR_NOT,SUBJECT_ID,SUBJECT_NAME,SUBJECT_SCORE) values ('전공','5013','한국건축사',3);
Insert into ENROLMENT.SUBJECT_INFO (MAJOR_OR_NOT,SUBJECT_ID,SUBJECT_NAME,SUBJECT_SCORE) values ('전공','5014','건설관리',3);
Insert into ENROLMENT.SUBJECT_INFO (MAJOR_OR_NOT,SUBJECT_ID,SUBJECT_NAME,SUBJECT_SCORE) values ('전공','5015','기초구조및토질',3);
Insert into ENROLMENT.SUBJECT_INFO (MAJOR_OR_NOT,SUBJECT_ID,SUBJECT_NAME,SUBJECT_SCORE) values ('전공','5016','안전진단평가및실험',4);
Insert into ENROLMENT.SUBJECT_INFO (MAJOR_OR_NOT,SUBJECT_ID,SUBJECT_NAME,SUBJECT_SCORE) values ('교양','6101','소설로읽는북한문학',3);
Insert into ENROLMENT.SUBJECT_INFO (MAJOR_OR_NOT,SUBJECT_ID,SUBJECT_NAME,SUBJECT_SCORE) values ('교양','6102','공연예술의이해',3);
Insert into ENROLMENT.SUBJECT_INFO (MAJOR_OR_NOT,SUBJECT_ID,SUBJECT_NAME,SUBJECT_SCORE) values ('교양','6103','기호와문화',3);
Insert into ENROLMENT.SUBJECT_INFO (MAJOR_OR_NOT,SUBJECT_ID,SUBJECT_NAME,SUBJECT_SCORE) values ('교양','6104','프랑스예술',3);
Insert into ENROLMENT.SUBJECT_INFO (MAJOR_OR_NOT,SUBJECT_ID,SUBJECT_NAME,SUBJECT_SCORE) values ('교양','7201','동영상 콘텐츠제작과활용',2);
Insert into ENROLMENT.SUBJECT_INFO (MAJOR_OR_NOT,SUBJECT_ID,SUBJECT_NAME,SUBJECT_SCORE) values ('교양','7202','컴퓨터활용자격증취득과정(ACA Photoshop)',2);
Insert into ENROLMENT.SUBJECT_INFO (MAJOR_OR_NOT,SUBJECT_ID,SUBJECT_NAME,SUBJECT_SCORE) values ('교양','7203','재생에너지실무특강',3);
Insert into ENROLMENT.SUBJECT_INFO (MAJOR_OR_NOT,SUBJECT_ID,SUBJECT_NAME,SUBJECT_SCORE) values ('교양','7204','프로그래밍기초(Python)',3);
Insert into ENROLMENT.SUBJECT_INFO (MAJOR_OR_NOT,SUBJECT_ID,SUBJECT_NAME,SUBJECT_SCORE) values ('교양','7205','섬유패션의이해',3);
Insert into ENROLMENT.SUBJECT_INFO (MAJOR_OR_NOT,SUBJECT_ID,SUBJECT_NAME,SUBJECT_SCORE) values ('교양','8301','기초러시아어',3);
Insert into ENROLMENT.SUBJECT_INFO (MAJOR_OR_NOT,SUBJECT_ID,SUBJECT_NAME,SUBJECT_SCORE) values ('교양','8302','기초스페인어',3);
Insert into ENROLMENT.SUBJECT_INFO (MAJOR_OR_NOT,SUBJECT_ID,SUBJECT_NAME,SUBJECT_SCORE) values ('교양','8303','기초한문',3);
Insert into ENROLMENT.SUBJECT_INFO (MAJOR_OR_NOT,SUBJECT_ID,SUBJECT_NAME,SUBJECT_SCORE) values ('교양','8304','English Communication Through Media',3);
Insert into ENROLMENT.SUBJECT_INFO (MAJOR_OR_NOT,SUBJECT_ID,SUBJECT_NAME,SUBJECT_SCORE) values ('교양','8305','영어듣기의기초',3);
Insert into ENROLMENT.SUBJECT_INFO (MAJOR_OR_NOT,SUBJECT_ID,SUBJECT_NAME,SUBJECT_SCORE) values ('교양','9401','대학수학',3);
Insert into ENROLMENT.SUBJECT_INFO (MAJOR_OR_NOT,SUBJECT_ID,SUBJECT_NAME,SUBJECT_SCORE) values ('교양','9402','대학물리',3);
Insert into ENROLMENT.SUBJECT_INFO (MAJOR_OR_NOT,SUBJECT_ID,SUBJECT_NAME,SUBJECT_SCORE) values ('교양','9403','자연과학의세계',3);
Insert into ENROLMENT.SUBJECT_INFO (MAJOR_OR_NOT,SUBJECT_ID,SUBJECT_NAME,SUBJECT_SCORE) values ('교양','9404','한국과학사',2);
Insert into ENROLMENT.SUBJECT_INFO (MAJOR_OR_NOT,SUBJECT_ID,SUBJECT_NAME,SUBJECT_SCORE) values ('교양','9405','자연과학과의만남',3);
 
 --------------------------------------------------------------------------------------------------------------------------------------------------------------------------------------------------------------
 -- Prof_info (교수정보)

 create table prof_info(
    prof_id varchar2(20) not null,
    department_id varchar2(20),
    prof_name varchar2(50),
    constraint prof_id_pk primary key(prof_id),
    constraint department_id_prof_fk foreign key(department_id)
    references department_info(department_id)
);

Insert into ENROLMENT.PROF_INFO (PROF_ID,DEPARTMENT_ID,PROF_NAME) values ('9101','1','박준상');
Insert into ENROLMENT.PROF_INFO (PROF_ID,DEPARTMENT_ID,PROF_NAME) values ('9102','1','김선욱');
Insert into ENROLMENT.PROF_INFO (PROF_ID,DEPARTMENT_ID,PROF_NAME) values ('9103','1','백도형');
Insert into ENROLMENT.PROF_INFO (PROF_ID,DEPARTMENT_ID,PROF_NAME) values ('9104','1','심의용');
Insert into ENROLMENT.PROF_INFO (PROF_ID,DEPARTMENT_ID,PROF_NAME) values ('9105','1','장미성');
Insert into ENROLMENT.PROF_INFO (PROF_ID,DEPARTMENT_ID,PROF_NAME) values ('9106','1','이양수');
Insert into ENROLMENT.PROF_INFO (PROF_ID,DEPARTMENT_ID,PROF_NAME) values ('9107','1','유현상');
Insert into ENROLMENT.PROF_INFO (PROF_ID,DEPARTMENT_ID,PROF_NAME) values ('9108','1','신호재');
Insert into ENROLMENT.PROF_INFO (PROF_ID,DEPARTMENT_ID,PROF_NAME) values ('9109','1','오지석');
Insert into ENROLMENT.PROF_INFO (PROF_ID,DEPARTMENT_ID,PROF_NAME) values ('9110','1','정기철');
Insert into ENROLMENT.PROF_INFO (PROF_ID,DEPARTMENT_ID,PROF_NAME) values ('9111','1','신현주');
Insert into ENROLMENT.PROF_INFO (PROF_ID,DEPARTMENT_ID,PROF_NAME) values ('9112','1','임경석');
Insert into ENROLMENT.PROF_INFO (PROF_ID,DEPARTMENT_ID,PROF_NAME) values ('9201','2','이상민');
Insert into ENROLMENT.PROF_INFO (PROF_ID,DEPARTMENT_ID,PROF_NAME) values ('9202','2','최지웅');
Insert into ENROLMENT.PROF_INFO (PROF_ID,DEPARTMENT_ID,PROF_NAME) values ('9203','2','양승민');
Insert into ENROLMENT.PROF_INFO (PROF_ID,DEPARTMENT_ID,PROF_NAME) values ('9204','2','홍지만');
Insert into ENROLMENT.PROF_INFO (PROF_ID,DEPARTMENT_ID,PROF_NAME) values ('9205','2','서창진');
Insert into ENROLMENT.PROF_INFO (PROF_ID,DEPARTMENT_ID,PROF_NAME) values ('9206','2','최종선');
Insert into ENROLMENT.PROF_INFO (PROF_ID,DEPARTMENT_ID,PROF_NAME) values ('9207','2','나현숙');
Insert into ENROLMENT.PROF_INFO (PROF_ID,DEPARTMENT_ID,PROF_NAME) values ('9208','2','김석윤');
Insert into ENROLMENT.PROF_INFO (PROF_ID,DEPARTMENT_ID,PROF_NAME) values ('9209','2','김익수');
Insert into ENROLMENT.PROF_INFO (PROF_ID,DEPARTMENT_ID,PROF_NAME) values ('9210','2','최재영');
Insert into ENROLMENT.PROF_INFO (PROF_ID,DEPARTMENT_ID,PROF_NAME) values ('9211','2','장훈');
Insert into ENROLMENT.PROF_INFO (PROF_ID,DEPARTMENT_ID,PROF_NAME) values ('9212','2','문영성');
Insert into ENROLMENT.PROF_INFO (PROF_ID,DEPARTMENT_ID,PROF_NAME) values ('9213','2','황규백');
Insert into ENROLMENT.PROF_INFO (PROF_ID,DEPARTMENT_ID,PROF_NAME) values ('9214','2','전문석');
Insert into ENROLMENT.PROF_INFO (PROF_ID,DEPARTMENT_ID,PROF_NAME) values ('9215','2','유재우');
Insert into ENROLMENT.PROF_INFO (PROF_ID,DEPARTMENT_ID,PROF_NAME) values ('9216','2','박영택');
Insert into ENROLMENT.PROF_INFO (PROF_ID,DEPARTMENT_ID,PROF_NAME) values ('9217','2','변정현');
Insert into ENROLMENT.PROF_INFO (PROF_ID,DEPARTMENT_ID,PROF_NAME) values ('9218','2','최현석');
Insert into ENROLMENT.PROF_INFO (PROF_ID,DEPARTMENT_ID,PROF_NAME) values ('9301','3','허준수');
Insert into ENROLMENT.PROF_INFO (PROF_ID,DEPARTMENT_ID,PROF_NAME) values ('9302','3','한송이');
Insert into ENROLMENT.PROF_INFO (PROF_ID,DEPARTMENT_ID,PROF_NAME) values ('9303','3','김희순');
Insert into ENROLMENT.PROF_INFO (PROF_ID,DEPARTMENT_ID,PROF_NAME) values ('9304','3','임예윤');
Insert into ENROLMENT.PROF_INFO (PROF_ID,DEPARTMENT_ID,PROF_NAME) values ('9305','3','강미경');
Insert into ENROLMENT.PROF_INFO (PROF_ID,DEPARTMENT_ID,PROF_NAME) values ('9306','3','김영애');
Insert into ENROLMENT.PROF_INFO (PROF_ID,DEPARTMENT_ID,PROF_NAME) values ('9307','3','이채원');
Insert into ENROLMENT.PROF_INFO (PROF_ID,DEPARTMENT_ID,PROF_NAME) values ('9309','3','임인걸');
Insert into ENROLMENT.PROF_INFO (PROF_ID,DEPARTMENT_ID,PROF_NAME) values ('9310','3','김희찬');
Insert into ENROLMENT.PROF_INFO (PROF_ID,DEPARTMENT_ID,PROF_NAME) values ('9311','3','이성규');
Insert into ENROLMENT.PROF_INFO (PROF_ID,DEPARTMENT_ID,PROF_NAME) values ('9312','3','배임호');
Insert into ENROLMENT.PROF_INFO (PROF_ID,DEPARTMENT_ID,PROF_NAME) values ('9313','3','장철운');
Insert into ENROLMENT.PROF_INFO (PROF_ID,DEPARTMENT_ID,PROF_NAME) values ('9314','3','이상은');
Insert into ENROLMENT.PROF_INFO (PROF_ID,DEPARTMENT_ID,PROF_NAME) values ('9317','3','전구훈');
Insert into ENROLMENT.PROF_INFO (PROF_ID,DEPARTMENT_ID,PROF_NAME) values ('9319','3','이광재');
Insert into ENROLMENT.PROF_INFO (PROF_ID,DEPARTMENT_ID,PROF_NAME) values ('9322','3','조소연');
Insert into ENROLMENT.PROF_INFO (PROF_ID,DEPARTMENT_ID,PROF_NAME) values ('9323','3','이지선');
Insert into ENROLMENT.PROF_INFO (PROF_ID,DEPARTMENT_ID,PROF_NAME) values ('9325','3','유서구');
Insert into ENROLMENT.PROF_INFO (PROF_ID,DEPARTMENT_ID,PROF_NAME) values ('9326','3','박태영');
Insert into ENROLMENT.PROF_INFO (PROF_ID,DEPARTMENT_ID,PROF_NAME) values ('9401','4','김남미');
Insert into ENROLMENT.PROF_INFO (PROF_ID,DEPARTMENT_ID,PROF_NAME) values ('9402','4','송현석');
Insert into ENROLMENT.PROF_INFO (PROF_ID,DEPARTMENT_ID,PROF_NAME) values ('9403','4','민승근');
Insert into ENROLMENT.PROF_INFO (PROF_ID,DEPARTMENT_ID,PROF_NAME) values ('9404','4','강위경');
Insert into ENROLMENT.PROF_INFO (PROF_ID,DEPARTMENT_ID,PROF_NAME) values ('9405','4','신권수');
Insert into ENROLMENT.PROF_INFO (PROF_ID,DEPARTMENT_ID,PROF_NAME) values ('9406','4','김자헌');
Insert into ENROLMENT.PROF_INFO (PROF_ID,DEPARTMENT_ID,PROF_NAME) values ('9407','4','김종훈');
Insert into ENROLMENT.PROF_INFO (PROF_ID,DEPARTMENT_ID,PROF_NAME) values ('9408','4','전근호');
Insert into ENROLMENT.PROF_INFO (PROF_ID,DEPARTMENT_ID,PROF_NAME) values ('9409','4','양진국');
Insert into ENROLMENT.PROF_INFO (PROF_ID,DEPARTMENT_ID,PROF_NAME) values ('9410','4','이동렬');
Insert into ENROLMENT.PROF_INFO (PROF_ID,DEPARTMENT_ID,PROF_NAME) values ('9411','4','박연실');
Insert into ENROLMENT.PROF_INFO (PROF_ID,DEPARTMENT_ID,PROF_NAME) values ('9412','4','남궁미옥');
Insert into ENROLMENT.PROF_INFO (PROF_ID,DEPARTMENT_ID,PROF_NAME) values ('9501','5','박혜련');
Insert into ENROLMENT.PROF_INFO (PROF_ID,DEPARTMENT_ID,PROF_NAME) values ('9502','5','권기호');
Insert into ENROLMENT.PROF_INFO (PROF_ID,DEPARTMENT_ID,PROF_NAME) values ('9503','5','김성배');
Insert into ENROLMENT.PROF_INFO (PROF_ID,DEPARTMENT_ID,PROF_NAME) values ('9504','5','양승열');
Insert into ENROLMENT.PROF_INFO (PROF_ID,DEPARTMENT_ID,PROF_NAME) values ('9505','5','정민희');
Insert into ENROLMENT.PROF_INFO (PROF_ID,DEPARTMENT_ID,PROF_NAME) values ('9506','5','김지하');
Insert into ENROLMENT.PROF_INFO (PROF_ID,DEPARTMENT_ID,PROF_NAME) values ('9507','5','최현주');
Insert into ENROLMENT.PROF_INFO (PROF_ID,DEPARTMENT_ID,PROF_NAME) values ('9508','5','김종락');
Insert into ENROLMENT.PROF_INFO (PROF_ID,DEPARTMENT_ID,PROF_NAME) values ('9509','5','정성호');
Insert into ENROLMENT.PROF_INFO (PROF_ID,DEPARTMENT_ID,PROF_NAME) values ('9510','5','강수민');
Insert into ENROLMENT.PROF_INFO (PROF_ID,DEPARTMENT_ID,PROF_NAME) values ('9511','5','최원준');
Insert into ENROLMENT.PROF_INFO (PROF_ID,DEPARTMENT_ID,PROF_NAME) values ('9514','5','최경규');
Insert into ENROLMENT.PROF_INFO (PROF_ID,DEPARTMENT_ID,PROF_NAME) values ('9515','5','이정훈');
Insert into ENROLMENT.PROF_INFO (PROF_ID,DEPARTMENT_ID,PROF_NAME) values ('9516','5','송영웅');
Insert into ENROLMENT.PROF_INFO (PROF_ID,DEPARTMENT_ID,PROF_NAME) values ('9601','6','장경남');
Insert into ENROLMENT.PROF_INFO (PROF_ID,DEPARTMENT_ID,PROF_NAME) values ('9602','6','윤진현');
Insert into ENROLMENT.PROF_INFO (PROF_ID,DEPARTMENT_ID,PROF_NAME) values ('9603','6','백로라');
Insert into ENROLMENT.PROF_INFO (PROF_ID,DEPARTMENT_ID,PROF_NAME) values ('9604','6','장경우');
Insert into ENROLMENT.PROF_INFO (PROF_ID,DEPARTMENT_ID,PROF_NAME) values ('9605','6','김유정');
Insert into ENROLMENT.PROF_INFO (PROF_ID,DEPARTMENT_ID,PROF_NAME) values ('9606','6','서승현');
Insert into ENROLMENT.PROF_INFO (PROF_ID,DEPARTMENT_ID,PROF_NAME) values ('9607','6','이준혁');
Insert into ENROLMENT.PROF_INFO (PROF_ID,DEPARTMENT_ID,PROF_NAME) values ('9608','6','김동수');
Insert into ENROLMENT.PROF_INFO (PROF_ID,DEPARTMENT_ID,PROF_NAME) values ('9609','6','장의진');
Insert into ENROLMENT.PROF_INFO (PROF_ID,DEPARTMENT_ID,PROF_NAME) values ('9610','6','신상무');
Insert into ENROLMENT.PROF_INFO (PROF_ID,DEPARTMENT_ID,PROF_NAME) values ('9711','6','이은경');
Insert into ENROLMENT.PROF_INFO (PROF_ID,DEPARTMENT_ID,PROF_NAME) values ('9712','6','정선옥');
Insert into ENROLMENT.PROF_INFO (PROF_ID,DEPARTMENT_ID,PROF_NAME) values ('9713','6','박미라');
Insert into ENROLMENT.PROF_INFO (PROF_ID,DEPARTMENT_ID,PROF_NAME) values ('9714','6','Michael Chang');
Insert into ENROLMENT.PROF_INFO (PROF_ID,DEPARTMENT_ID,PROF_NAME) values ('9715','6','Michelle Andrus');
Insert into ENROLMENT.PROF_INFO (PROF_ID,DEPARTMENT_ID,PROF_NAME) values ('9716','6','민승근');
Insert into ENROLMENT.PROF_INFO (PROF_ID,DEPARTMENT_ID,PROF_NAME) values ('9717','6','장덕재');
Insert into ENROLMENT.PROF_INFO (PROF_ID,DEPARTMENT_ID,PROF_NAME) values ('9718','6','이권재');
Insert into ENROLMENT.PROF_INFO (PROF_ID,DEPARTMENT_ID,PROF_NAME) values ('9719','6','신민철');
Insert into ENROLMENT.PROF_INFO (PROF_ID,DEPARTMENT_ID,PROF_NAME) values ('9720','6','김성희');

--------------------------------------------------------------------------------------------------------------------------------------------------------------------------------------------------------------
-- Class_Room(강의실정보)

create table class_room(
    building_id varchar2(20),
    building_name varchar2(50),
    max_people number(5),
    constraint building_id_pk primary key(building_id)
);

Insert into ENROLMENT.CLASS_ROOM (BUILDING_ID,BUILDING_NAME,MAX_PEOPLE) values ('A101','인문관',20);
Insert into ENROLMENT.CLASS_ROOM (BUILDING_ID,BUILDING_NAME,MAX_PEOPLE) values ('A102','인문관',20);
Insert into ENROLMENT.CLASS_ROOM (BUILDING_ID,BUILDING_NAME,MAX_PEOPLE) values ('A103','인문관',15);
Insert into ENROLMENT.CLASS_ROOM (BUILDING_ID,BUILDING_NAME,MAX_PEOPLE) values ('B101','공학관',20);
Insert into ENROLMENT.CLASS_ROOM (BUILDING_ID,BUILDING_NAME,MAX_PEOPLE) values ('B102','공학관',20);
Insert into ENROLMENT.CLASS_ROOM (BUILDING_ID,BUILDING_NAME,MAX_PEOPLE) values ('B103','공학관',15);
Insert into ENROLMENT.CLASS_ROOM (BUILDING_ID,BUILDING_NAME,MAX_PEOPLE) values ('B201','공학관',20);
Insert into ENROLMENT.CLASS_ROOM (BUILDING_ID,BUILDING_NAME,MAX_PEOPLE) values ('B202','공학관',20);
Insert into ENROLMENT.CLASS_ROOM (BUILDING_ID,BUILDING_NAME,MAX_PEOPLE) values ('B203','공학관',15);
Insert into ENROLMENT.CLASS_ROOM (BUILDING_ID,BUILDING_NAME,MAX_PEOPLE) values ('C101','복지관',20);
Insert into ENROLMENT.CLASS_ROOM (BUILDING_ID,BUILDING_NAME,MAX_PEOPLE) values ('C102','복지관',20);
Insert into ENROLMENT.CLASS_ROOM (BUILDING_ID,BUILDING_NAME,MAX_PEOPLE) values ('C103','복지관',15);
Insert into ENROLMENT.CLASS_ROOM (BUILDING_ID,BUILDING_NAME,MAX_PEOPLE) values ('D101','과학관',20);
Insert into ENROLMENT.CLASS_ROOM (BUILDING_ID,BUILDING_NAME,MAX_PEOPLE) values ('D102','과학관',20);
Insert into ENROLMENT.CLASS_ROOM (BUILDING_ID,BUILDING_NAME,MAX_PEOPLE) values ('D103','과학관',15);
Insert into ENROLMENT.CLASS_ROOM (BUILDING_ID,BUILDING_NAME,MAX_PEOPLE) values ('E101','교육관',50);
Insert into ENROLMENT.CLASS_ROOM (BUILDING_ID,BUILDING_NAME,MAX_PEOPLE) values ('E102','교육관',30);
Insert into ENROLMENT.CLASS_ROOM (BUILDING_ID,BUILDING_NAME,MAX_PEOPLE) values ('E103','교육관',10);

--------------------------------------------------------------------------------------------------------------------------------------------------------------------------------------------------------------
--Class_info(강의정보)
 create table class_info(
    class_id varchar2(20),
    subject_id varchar2(20),    
    department_id varchar2(20),
    class_currentcount number(4),
    prof_id varchar2(20),
    building_id varchar2(20),
    max_count number(3),
    constraint class_id_pk primary key(class_id),
    
    constraint class_subject_id_fk foreign key(subject_id)
    references subject_info(subject_id),
    constraint class_department_id_fk foreign key(department_id)
    references department_info(department_id),
    constraint class_prof_id_fk foreign key(prof_id)
    references prof_info(prof_id),
    constraint class_building_id_fk foreign key(building_id)
    references class_room(building_id)
);

Insert into ENROLMENT.CLASS_INFO (CLASS_ID,SUBJECT_ID,DEPARTMENT_ID,CLASS_CURRENTCOUNT,PROF_ID,BUILDING_ID,MAX_COUNT) values ('200110019101','1001','1',0,'9101','A101',20);
Insert into ENROLMENT.CLASS_INFO (CLASS_ID,SUBJECT_ID,DEPARTMENT_ID,CLASS_CURRENTCOUNT,PROF_ID,BUILDING_ID,MAX_COUNT) values ('200110029102','1002','1',0,'9102','A102',20);
Insert into ENROLMENT.CLASS_INFO (CLASS_ID,SUBJECT_ID,DEPARTMENT_ID,CLASS_CURRENTCOUNT,PROF_ID,BUILDING_ID,MAX_COUNT) values ('200110039103','1003','1',0,'9103','A102',20);
Insert into ENROLMENT.CLASS_INFO (CLASS_ID,SUBJECT_ID,DEPARTMENT_ID,CLASS_CURRENTCOUNT,PROF_ID,BUILDING_ID,MAX_COUNT) values ('200110049104','1004','1',0,'9104','A101',20);
Insert into ENROLMENT.CLASS_INFO (CLASS_ID,SUBJECT_ID,DEPARTMENT_ID,CLASS_CURRENTCOUNT,PROF_ID,BUILDING_ID,MAX_COUNT) values ('200110059105','1005','1',0,'9105','A102',15);
Insert into ENROLMENT.CLASS_INFO (CLASS_ID,SUBJECT_ID,DEPARTMENT_ID,CLASS_CURRENTCOUNT,PROF_ID,BUILDING_ID,MAX_COUNT) values ('200110069102','1006','1',0,'9102','A103',15);
Insert into ENROLMENT.CLASS_INFO (CLASS_ID,SUBJECT_ID,DEPARTMENT_ID,CLASS_CURRENTCOUNT,PROF_ID,BUILDING_ID,MAX_COUNT) values ('200110079107','1007','1',0,'9107','A103',20);
Insert into ENROLMENT.CLASS_INFO (CLASS_ID,SUBJECT_ID,DEPARTMENT_ID,CLASS_CURRENTCOUNT,PROF_ID,BUILDING_ID,MAX_COUNT) values ('200110089108','1008','1',0,'9108','A101',20);
Insert into ENROLMENT.CLASS_INFO (CLASS_ID,SUBJECT_ID,DEPARTMENT_ID,CLASS_CURRENTCOUNT,PROF_ID,BUILDING_ID,MAX_COUNT) values ('200110099101','1009','1',0,'9101','A102',15);
Insert into ENROLMENT.CLASS_INFO (CLASS_ID,SUBJECT_ID,DEPARTMENT_ID,CLASS_CURRENTCOUNT,PROF_ID,BUILDING_ID,MAX_COUNT) values ('200110109103','1010','1',0,'9103','A103',20);
Insert into ENROLMENT.CLASS_INFO (CLASS_ID,SUBJECT_ID,DEPARTMENT_ID,CLASS_CURRENTCOUNT,PROF_ID,BUILDING_ID,MAX_COUNT) values ('200110119104','1011','1',0,'9104','A101',20);
Insert into ENROLMENT.CLASS_INFO (CLASS_ID,SUBJECT_ID,DEPARTMENT_ID,CLASS_CURRENTCOUNT,PROF_ID,BUILDING_ID,MAX_COUNT) values ('200110129105','1012','1',0,'9105','A102',20);
Insert into ENROLMENT.CLASS_INFO (CLASS_ID,SUBJECT_ID,DEPARTMENT_ID,CLASS_CURRENTCOUNT,PROF_ID,BUILDING_ID,MAX_COUNT) values ('200110139106','1013','1',0,'9106','A102',15);
Insert into ENROLMENT.CLASS_INFO (CLASS_ID,SUBJECT_ID,DEPARTMENT_ID,CLASS_CURRENTCOUNT,PROF_ID,BUILDING_ID,MAX_COUNT) values ('200110149111','1014','1',0,'9111','A103',15);
Insert into ENROLMENT.CLASS_INFO (CLASS_ID,SUBJECT_ID,DEPARTMENT_ID,CLASS_CURRENTCOUNT,PROF_ID,BUILDING_ID,MAX_COUNT) values ('200110159110','1015','1',0,'9110','A103',15);
Insert into ENROLMENT.CLASS_INFO (CLASS_ID,SUBJECT_ID,DEPARTMENT_ID,CLASS_CURRENTCOUNT,PROF_ID,BUILDING_ID,MAX_COUNT) values ('200110169112','1016','1',0,'9112','A103',20);
Insert into ENROLMENT.CLASS_INFO (CLASS_ID,SUBJECT_ID,DEPARTMENT_ID,CLASS_CURRENTCOUNT,PROF_ID,BUILDING_ID,MAX_COUNT) values ('200120019201','2001','2',0,'9201','B101',15);
Insert into ENROLMENT.CLASS_INFO (CLASS_ID,SUBJECT_ID,DEPARTMENT_ID,CLASS_CURRENTCOUNT,PROF_ID,BUILDING_ID,MAX_COUNT) values ('200120019202','2001','2',0,'9202','B203',20);
Insert into ENROLMENT.CLASS_INFO (CLASS_ID,SUBJECT_ID,DEPARTMENT_ID,CLASS_CURRENTCOUNT,PROF_ID,BUILDING_ID,MAX_COUNT) values ('200120019203','2001','2',0,'9203','B202',20);
Insert into ENROLMENT.CLASS_INFO (CLASS_ID,SUBJECT_ID,DEPARTMENT_ID,CLASS_CURRENTCOUNT,PROF_ID,BUILDING_ID,MAX_COUNT) values ('200120029204','2002','2',0,'9204','B202',20);
Insert into ENROLMENT.CLASS_INFO (CLASS_ID,SUBJECT_ID,DEPARTMENT_ID,CLASS_CURRENTCOUNT,PROF_ID,BUILDING_ID,MAX_COUNT) values ('200120039205','2003','2',0,'9205','B101',20);
Insert into ENROLMENT.CLASS_INFO (CLASS_ID,SUBJECT_ID,DEPARTMENT_ID,CLASS_CURRENTCOUNT,PROF_ID,BUILDING_ID,MAX_COUNT) values ('200120049206','2004','2',0,'9206','B101',20);
Insert into ENROLMENT.CLASS_INFO (CLASS_ID,SUBJECT_ID,DEPARTMENT_ID,CLASS_CURRENTCOUNT,PROF_ID,BUILDING_ID,MAX_COUNT) values ('200120059206','2005','2',0,'9206','B101',20);
Insert into ENROLMENT.CLASS_INFO (CLASS_ID,SUBJECT_ID,DEPARTMENT_ID,CLASS_CURRENTCOUNT,PROF_ID,BUILDING_ID,MAX_COUNT) values ('200120069207','2006','2',0,'9207','B102',15);
Insert into ENROLMENT.CLASS_INFO (CLASS_ID,SUBJECT_ID,DEPARTMENT_ID,CLASS_CURRENTCOUNT,PROF_ID,BUILDING_ID,MAX_COUNT) values ('200120069208','2006','2',0,'9208','B203',20);
Insert into ENROLMENT.CLASS_INFO (CLASS_ID,SUBJECT_ID,DEPARTMENT_ID,CLASS_CURRENTCOUNT,PROF_ID,BUILDING_ID,MAX_COUNT) values ('200120079209','2007','2',0,'9209','B102',20);
Insert into ENROLMENT.CLASS_INFO (CLASS_ID,SUBJECT_ID,DEPARTMENT_ID,CLASS_CURRENTCOUNT,PROF_ID,BUILDING_ID,MAX_COUNT) values ('200120079210','2007','2',0,'9210','B102',20);
Insert into ENROLMENT.CLASS_INFO (CLASS_ID,SUBJECT_ID,DEPARTMENT_ID,CLASS_CURRENTCOUNT,PROF_ID,BUILDING_ID,MAX_COUNT) values ('200120089211','2008','2',0,'9211','B102',20);
Insert into ENROLMENT.CLASS_INFO (CLASS_ID,SUBJECT_ID,DEPARTMENT_ID,CLASS_CURRENTCOUNT,PROF_ID,BUILDING_ID,MAX_COUNT) values ('200120099212','2009','2',0,'9212','B201',20);
Insert into ENROLMENT.CLASS_INFO (CLASS_ID,SUBJECT_ID,DEPARTMENT_ID,CLASS_CURRENTCOUNT,PROF_ID,BUILDING_ID,MAX_COUNT) values ('200120109213','2010','2',0,'9213','B202',20);
Insert into ENROLMENT.CLASS_INFO (CLASS_ID,SUBJECT_ID,DEPARTMENT_ID,CLASS_CURRENTCOUNT,PROF_ID,BUILDING_ID,MAX_COUNT) values ('200120109214','2010','2',0,'9214','B201',20);
Insert into ENROLMENT.CLASS_INFO (CLASS_ID,SUBJECT_ID,DEPARTMENT_ID,CLASS_CURRENTCOUNT,PROF_ID,BUILDING_ID,MAX_COUNT) values ('200120119215','2011','2',0,'9215','B102',20);
Insert into ENROLMENT.CLASS_INFO (CLASS_ID,SUBJECT_ID,DEPARTMENT_ID,CLASS_CURRENTCOUNT,PROF_ID,BUILDING_ID,MAX_COUNT) values ('200120119213','2011','2',0,'9213','B202',15);
Insert into ENROLMENT.CLASS_INFO (CLASS_ID,SUBJECT_ID,DEPARTMENT_ID,CLASS_CURRENTCOUNT,PROF_ID,BUILDING_ID,MAX_COUNT) values ('200120129214','2012','2',0,'9214','B203',20);
Insert into ENROLMENT.CLASS_INFO (CLASS_ID,SUBJECT_ID,DEPARTMENT_ID,CLASS_CURRENTCOUNT,PROF_ID,BUILDING_ID,MAX_COUNT) values ('200120129215','2012','2',0,'9215','B101',20);
Insert into ENROLMENT.CLASS_INFO (CLASS_ID,SUBJECT_ID,DEPARTMENT_ID,CLASS_CURRENTCOUNT,PROF_ID,BUILDING_ID,MAX_COUNT) values ('200120129216','2012','2',0,'9216','B101',20);
Insert into ENROLMENT.CLASS_INFO (CLASS_ID,SUBJECT_ID,DEPARTMENT_ID,CLASS_CURRENTCOUNT,PROF_ID,BUILDING_ID,MAX_COUNT) values ('200120139217','2013','2',0,'9217','B202',20);
Insert into ENROLMENT.CLASS_INFO (CLASS_ID,SUBJECT_ID,DEPARTMENT_ID,CLASS_CURRENTCOUNT,PROF_ID,BUILDING_ID,MAX_COUNT) values ('200120149218','2014','2',0,'9218','B201',20);
Insert into ENROLMENT.CLASS_INFO (CLASS_ID,SUBJECT_ID,DEPARTMENT_ID,CLASS_CURRENTCOUNT,PROF_ID,BUILDING_ID,MAX_COUNT) values ('200130019301','3001','3',0,'9301','C102',20);
Insert into ENROLMENT.CLASS_INFO (CLASS_ID,SUBJECT_ID,DEPARTMENT_ID,CLASS_CURRENTCOUNT,PROF_ID,BUILDING_ID,MAX_COUNT) values ('200130019302','3001','3',0,'9302','C101',20);
Insert into ENROLMENT.CLASS_INFO (CLASS_ID,SUBJECT_ID,DEPARTMENT_ID,CLASS_CURRENTCOUNT,PROF_ID,BUILDING_ID,MAX_COUNT) values ('200130029303','3002','3',0,'9303','C101',15);
Insert into ENROLMENT.CLASS_INFO (CLASS_ID,SUBJECT_ID,DEPARTMENT_ID,CLASS_CURRENTCOUNT,PROF_ID,BUILDING_ID,MAX_COUNT) values ('200130029304','3002','3',0,'9304','C103',15);
Insert into ENROLMENT.CLASS_INFO (CLASS_ID,SUBJECT_ID,DEPARTMENT_ID,CLASS_CURRENTCOUNT,PROF_ID,BUILDING_ID,MAX_COUNT) values ('200130039305','3003','3',0,'9305','C103',20);
Insert into ENROLMENT.CLASS_INFO (CLASS_ID,SUBJECT_ID,DEPARTMENT_ID,CLASS_CURRENTCOUNT,PROF_ID,BUILDING_ID,MAX_COUNT) values ('200130039306','3003','3',0,'9306','C102',15);
Insert into ENROLMENT.CLASS_INFO (CLASS_ID,SUBJECT_ID,DEPARTMENT_ID,CLASS_CURRENTCOUNT,PROF_ID,BUILDING_ID,MAX_COUNT) values ('200130049307','3004','3',0,'9307','C103',20);
Insert into ENROLMENT.CLASS_INFO (CLASS_ID,SUBJECT_ID,DEPARTMENT_ID,CLASS_CURRENTCOUNT,PROF_ID,BUILDING_ID,MAX_COUNT) values ('200130059309','3005','3',0,'9309','C102',20);
Insert into ENROLMENT.CLASS_INFO (CLASS_ID,SUBJECT_ID,DEPARTMENT_ID,CLASS_CURRENTCOUNT,PROF_ID,BUILDING_ID,MAX_COUNT) values ('200130069310','3006','3',0,'9310','C102',20);
Insert into ENROLMENT.CLASS_INFO (CLASS_ID,SUBJECT_ID,DEPARTMENT_ID,CLASS_CURRENTCOUNT,PROF_ID,BUILDING_ID,MAX_COUNT) values ('200130079311','3007','3',0,'9311','C101',15);
Insert into ENROLMENT.CLASS_INFO (CLASS_ID,SUBJECT_ID,DEPARTMENT_ID,CLASS_CURRENTCOUNT,PROF_ID,BUILDING_ID,MAX_COUNT) values ('200130089312','3008','3',0,'9312','C103',20);
Insert into ENROLMENT.CLASS_INFO (CLASS_ID,SUBJECT_ID,DEPARTMENT_ID,CLASS_CURRENTCOUNT,PROF_ID,BUILDING_ID,MAX_COUNT) values ('200130099313','3009','3',0,'9313','C101',15);
Insert into ENROLMENT.CLASS_INFO (CLASS_ID,SUBJECT_ID,DEPARTMENT_ID,CLASS_CURRENTCOUNT,PROF_ID,BUILDING_ID,MAX_COUNT) values ('200130109314','3010','3',0,'9314','C103',15);
Insert into ENROLMENT.CLASS_INFO (CLASS_ID,SUBJECT_ID,DEPARTMENT_ID,CLASS_CURRENTCOUNT,PROF_ID,BUILDING_ID,MAX_COUNT) values ('200130119310','3011','3',0,'9310','C103',20);
Insert into ENROLMENT.CLASS_INFO (CLASS_ID,SUBJECT_ID,DEPARTMENT_ID,CLASS_CURRENTCOUNT,PROF_ID,BUILDING_ID,MAX_COUNT) values ('200130129317','3012','3',0,'9317','C102',20);
Insert into ENROLMENT.CLASS_INFO (CLASS_ID,SUBJECT_ID,DEPARTMENT_ID,CLASS_CURRENTCOUNT,PROF_ID,BUILDING_ID,MAX_COUNT) values ('200130139319','3013','3',0,'9319','C101',20);
Insert into ENROLMENT.CLASS_INFO (CLASS_ID,SUBJECT_ID,DEPARTMENT_ID,CLASS_CURRENTCOUNT,PROF_ID,BUILDING_ID,MAX_COUNT) values ('200130149312','3014','3',0,'9312','C102',20);
Insert into ENROLMENT.CLASS_INFO (CLASS_ID,SUBJECT_ID,DEPARTMENT_ID,CLASS_CURRENTCOUNT,PROF_ID,BUILDING_ID,MAX_COUNT) values ('200130149301','3014','3',0,'9301','C101',20);
Insert into ENROLMENT.CLASS_INFO (CLASS_ID,SUBJECT_ID,DEPARTMENT_ID,CLASS_CURRENTCOUNT,PROF_ID,BUILDING_ID,MAX_COUNT) values ('200130159322','3015','3',0,'9322','C102',20);
Insert into ENROLMENT.CLASS_INFO (CLASS_ID,SUBJECT_ID,DEPARTMENT_ID,CLASS_CURRENTCOUNT,PROF_ID,BUILDING_ID,MAX_COUNT) values ('200130169323','3016','3',0,'9323','C101',20);
Insert into ENROLMENT.CLASS_INFO (CLASS_ID,SUBJECT_ID,DEPARTMENT_ID,CLASS_CURRENTCOUNT,PROF_ID,BUILDING_ID,MAX_COUNT) values ('200130179313','3017','3',0,'9313','C102',15);
Insert into ENROLMENT.CLASS_INFO (CLASS_ID,SUBJECT_ID,DEPARTMENT_ID,CLASS_CURRENTCOUNT,PROF_ID,BUILDING_ID,MAX_COUNT) values ('200130189325','3018','3',0,'9325','C103',20);
Insert into ENROLMENT.CLASS_INFO (CLASS_ID,SUBJECT_ID,DEPARTMENT_ID,CLASS_CURRENTCOUNT,PROF_ID,BUILDING_ID,MAX_COUNT) values ('200130199326','3019','3',0,'9326','C102',20);
Insert into ENROLMENT.CLASS_INFO (CLASS_ID,SUBJECT_ID,DEPARTMENT_ID,CLASS_CURRENTCOUNT,PROF_ID,BUILDING_ID,MAX_COUNT) values ('200140019401','4001','4',0,'9401','D102',20);
Insert into ENROLMENT.CLASS_INFO (CLASS_ID,SUBJECT_ID,DEPARTMENT_ID,CLASS_CURRENTCOUNT,PROF_ID,BUILDING_ID,MAX_COUNT) values ('200140019402','4001','4',0,'9402','D101',20);
Insert into ENROLMENT.CLASS_INFO (CLASS_ID,SUBJECT_ID,DEPARTMENT_ID,CLASS_CURRENTCOUNT,PROF_ID,BUILDING_ID,MAX_COUNT) values ('200140029402','4002','4',0,'9402','D102',15);
Insert into ENROLMENT.CLASS_INFO (CLASS_ID,SUBJECT_ID,DEPARTMENT_ID,CLASS_CURRENTCOUNT,PROF_ID,BUILDING_ID,MAX_COUNT) values ('200140039403','4003','4',0,'9403','D103',20);
Insert into ENROLMENT.CLASS_INFO (CLASS_ID,SUBJECT_ID,DEPARTMENT_ID,CLASS_CURRENTCOUNT,PROF_ID,BUILDING_ID,MAX_COUNT) values ('200140049406','4004','4',0,'9406','D101',15);
Insert into ENROLMENT.CLASS_INFO (CLASS_ID,SUBJECT_ID,DEPARTMENT_ID,CLASS_CURRENTCOUNT,PROF_ID,BUILDING_ID,MAX_COUNT) values ('200140049402','4004','4',0,'9402','D103',20);
Insert into ENROLMENT.CLASS_INFO (CLASS_ID,SUBJECT_ID,DEPARTMENT_ID,CLASS_CURRENTCOUNT,PROF_ID,BUILDING_ID,MAX_COUNT) values ('200140059404','4005','4',0,'9404','D102',20);
Insert into ENROLMENT.CLASS_INFO (CLASS_ID,SUBJECT_ID,DEPARTMENT_ID,CLASS_CURRENTCOUNT,PROF_ID,BUILDING_ID,MAX_COUNT) values ('200140069405','4006','4',0,'9405','D101',20);
Insert into ENROLMENT.CLASS_INFO (CLASS_ID,SUBJECT_ID,DEPARTMENT_ID,CLASS_CURRENTCOUNT,PROF_ID,BUILDING_ID,MAX_COUNT) values ('200140079405','4007','4',0,'9405','D102',20);
Insert into ENROLMENT.CLASS_INFO (CLASS_ID,SUBJECT_ID,DEPARTMENT_ID,CLASS_CURRENTCOUNT,PROF_ID,BUILDING_ID,MAX_COUNT) values ('200140089406','4008','4',0,'9406','D102',20);
Insert into ENROLMENT.CLASS_INFO (CLASS_ID,SUBJECT_ID,DEPARTMENT_ID,CLASS_CURRENTCOUNT,PROF_ID,BUILDING_ID,MAX_COUNT) values ('200140099402','4009','4',0,'9402','D102',15);
Insert into ENROLMENT.CLASS_INFO (CLASS_ID,SUBJECT_ID,DEPARTMENT_ID,CLASS_CURRENTCOUNT,PROF_ID,BUILDING_ID,MAX_COUNT) values ('200140109407','4010','4',0,'9407','D103',15);
Insert into ENROLMENT.CLASS_INFO (CLASS_ID,SUBJECT_ID,DEPARTMENT_ID,CLASS_CURRENTCOUNT,PROF_ID,BUILDING_ID,MAX_COUNT) values ('200140119408','4011','4',0,'9408','D103',20);
Insert into ENROLMENT.CLASS_INFO (CLASS_ID,SUBJECT_ID,DEPARTMENT_ID,CLASS_CURRENTCOUNT,PROF_ID,BUILDING_ID,MAX_COUNT) values ('200140129409','4012','4',0,'9409','D102',15);
Insert into ENROLMENT.CLASS_INFO (CLASS_ID,SUBJECT_ID,DEPARTMENT_ID,CLASS_CURRENTCOUNT,PROF_ID,BUILDING_ID,MAX_COUNT) values ('200140139410','4013','4',0,'9410','D103',20);
Insert into ENROLMENT.CLASS_INFO (CLASS_ID,SUBJECT_ID,DEPARTMENT_ID,CLASS_CURRENTCOUNT,PROF_ID,BUILDING_ID,MAX_COUNT) values ('200140149411','4014','4',0,'9411','D101',15);
Insert into ENROLMENT.CLASS_INFO (CLASS_ID,SUBJECT_ID,DEPARTMENT_ID,CLASS_CURRENTCOUNT,PROF_ID,BUILDING_ID,MAX_COUNT) values ('200140159406','4015','4',0,'9406','D103',20);
Insert into ENROLMENT.CLASS_INFO (CLASS_ID,SUBJECT_ID,DEPARTMENT_ID,CLASS_CURRENTCOUNT,PROF_ID,BUILDING_ID,MAX_COUNT) values ('200140169412','4016','4',0,'9412','D101',20);
Insert into ENROLMENT.CLASS_INFO (CLASS_ID,SUBJECT_ID,DEPARTMENT_ID,CLASS_CURRENTCOUNT,PROF_ID,BUILDING_ID,MAX_COUNT) values ('200150019501','5001','5',0,'9501','B101',15);
Insert into ENROLMENT.CLASS_INFO (CLASS_ID,SUBJECT_ID,DEPARTMENT_ID,CLASS_CURRENTCOUNT,PROF_ID,BUILDING_ID,MAX_COUNT) values ('200150019502','5001','5',0,'9502','B203',15);
Insert into ENROLMENT.CLASS_INFO (CLASS_ID,SUBJECT_ID,DEPARTMENT_ID,CLASS_CURRENTCOUNT,PROF_ID,BUILDING_ID,MAX_COUNT) values ('200150029503','5002','5',0,'9503','B103',15);
Insert into ENROLMENT.CLASS_INFO (CLASS_ID,SUBJECT_ID,DEPARTMENT_ID,CLASS_CURRENTCOUNT,PROF_ID,BUILDING_ID,MAX_COUNT) values ('200150039504','5003','5',0,'9504','B203',15);
Insert into ENROLMENT.CLASS_INFO (CLASS_ID,SUBJECT_ID,DEPARTMENT_ID,CLASS_CURRENTCOUNT,PROF_ID,BUILDING_ID,MAX_COUNT) values ('200150049505','5004','5',0,'9505','B103',20);
Insert into ENROLMENT.CLASS_INFO (CLASS_ID,SUBJECT_ID,DEPARTMENT_ID,CLASS_CURRENTCOUNT,PROF_ID,BUILDING_ID,MAX_COUNT) values ('200150049506','5004','5',0,'9506','B202',20);
Insert into ENROLMENT.CLASS_INFO (CLASS_ID,SUBJECT_ID,DEPARTMENT_ID,CLASS_CURRENTCOUNT,PROF_ID,BUILDING_ID,MAX_COUNT) values ('200150059507','5005','5',0,'9507','B102',15);
Insert into ENROLMENT.CLASS_INFO (CLASS_ID,SUBJECT_ID,DEPARTMENT_ID,CLASS_CURRENTCOUNT,PROF_ID,BUILDING_ID,MAX_COUNT) values ('200150069508','5006','5',0,'9508','B203',15);
Insert into ENROLMENT.CLASS_INFO (CLASS_ID,SUBJECT_ID,DEPARTMENT_ID,CLASS_CURRENTCOUNT,PROF_ID,BUILDING_ID,MAX_COUNT) values ('200150079509','5007','5',0,'9509','B103',15);
Insert into ENROLMENT.CLASS_INFO (CLASS_ID,SUBJECT_ID,DEPARTMENT_ID,CLASS_CURRENTCOUNT,PROF_ID,BUILDING_ID,MAX_COUNT) values ('200150089510','5008','5',0,'9510','B103',20);
Insert into ENROLMENT.CLASS_INFO (CLASS_ID,SUBJECT_ID,DEPARTMENT_ID,CLASS_CURRENTCOUNT,PROF_ID,BUILDING_ID,MAX_COUNT) values ('200150099511','5009','5',0,'9511','B102',15);
Insert into ENROLMENT.CLASS_INFO (CLASS_ID,SUBJECT_ID,DEPARTMENT_ID,CLASS_CURRENTCOUNT,PROF_ID,BUILDING_ID,MAX_COUNT) values ('200150109511','5010','5',0,'9511','B103',20);
Insert into ENROLMENT.CLASS_INFO (CLASS_ID,SUBJECT_ID,DEPARTMENT_ID,CLASS_CURRENTCOUNT,PROF_ID,BUILDING_ID,MAX_COUNT) values ('200150119509','5011','5',0,'9509','B102',15);
Insert into ENROLMENT.CLASS_INFO (CLASS_ID,SUBJECT_ID,DEPARTMENT_ID,CLASS_CURRENTCOUNT,PROF_ID,BUILDING_ID,MAX_COUNT) values ('200150129514','5012','5',0,'9514','B203',20);
Insert into ENROLMENT.CLASS_INFO (CLASS_ID,SUBJECT_ID,DEPARTMENT_ID,CLASS_CURRENTCOUNT,PROF_ID,BUILDING_ID,MAX_COUNT) values ('200150139515','5013','5',0,'9515','B201',15);
Insert into ENROLMENT.CLASS_INFO (CLASS_ID,SUBJECT_ID,DEPARTMENT_ID,CLASS_CURRENTCOUNT,PROF_ID,BUILDING_ID,MAX_COUNT) values ('200150149516','5014','5',0,'9516','B103',20);
Insert into ENROLMENT.CLASS_INFO (CLASS_ID,SUBJECT_ID,DEPARTMENT_ID,CLASS_CURRENTCOUNT,PROF_ID,BUILDING_ID,MAX_COUNT) values ('200150159508','5015','5',0,'9508','B102',20);
Insert into ENROLMENT.CLASS_INFO (CLASS_ID,SUBJECT_ID,DEPARTMENT_ID,CLASS_CURRENTCOUNT,PROF_ID,BUILDING_ID,MAX_COUNT) values ('200150169514','5016','5',0,'9514','B201',50);
Insert into ENROLMENT.CLASS_INFO (CLASS_ID,SUBJECT_ID,DEPARTMENT_ID,CLASS_CURRENTCOUNT,PROF_ID,BUILDING_ID,MAX_COUNT) values ('200161019601','6101','6',0,'9601','E101',10);
Insert into ENROLMENT.CLASS_INFO (CLASS_ID,SUBJECT_ID,DEPARTMENT_ID,CLASS_CURRENTCOUNT,PROF_ID,BUILDING_ID,MAX_COUNT) values ('200161029602','6102','6',0,'9602','E103',30);
Insert into ENROLMENT.CLASS_INFO (CLASS_ID,SUBJECT_ID,DEPARTMENT_ID,CLASS_CURRENTCOUNT,PROF_ID,BUILDING_ID,MAX_COUNT) values ('200161029603','6102','6',0,'9603','E102',30);
Insert into ENROLMENT.CLASS_INFO (CLASS_ID,SUBJECT_ID,DEPARTMENT_ID,CLASS_CURRENTCOUNT,PROF_ID,BUILDING_ID,MAX_COUNT) values ('200161039604','6103','6',0,'9604','E102',50);
Insert into ENROLMENT.CLASS_INFO (CLASS_ID,SUBJECT_ID,DEPARTMENT_ID,CLASS_CURRENTCOUNT,PROF_ID,BUILDING_ID,MAX_COUNT) values ('200161049605','6104','6',0,'9605','E101',50);
Insert into ENROLMENT.CLASS_INFO (CLASS_ID,SUBJECT_ID,DEPARTMENT_ID,CLASS_CURRENTCOUNT,PROF_ID,BUILDING_ID,MAX_COUNT) values ('200172019606','7201','6',0,'9606','E101',10);
Insert into ENROLMENT.CLASS_INFO (CLASS_ID,SUBJECT_ID,DEPARTMENT_ID,CLASS_CURRENTCOUNT,PROF_ID,BUILDING_ID,MAX_COUNT) values ('200172029607','7202','6',0,'9607','E103',30);
Insert into ENROLMENT.CLASS_INFO (CLASS_ID,SUBJECT_ID,DEPARTMENT_ID,CLASS_CURRENTCOUNT,PROF_ID,BUILDING_ID,MAX_COUNT) values ('200172039608','7203','6',0,'9608','E102',50);
Insert into ENROLMENT.CLASS_INFO (CLASS_ID,SUBJECT_ID,DEPARTMENT_ID,CLASS_CURRENTCOUNT,PROF_ID,BUILDING_ID,MAX_COUNT) values ('200172049609','7204','6',0,'9609','E101',50);
Insert into ENROLMENT.CLASS_INFO (CLASS_ID,SUBJECT_ID,DEPARTMENT_ID,CLASS_CURRENTCOUNT,PROF_ID,BUILDING_ID,MAX_COUNT) values ('200172059610','7205','6',0,'9610','E101',10);
Insert into ENROLMENT.CLASS_INFO (CLASS_ID,SUBJECT_ID,DEPARTMENT_ID,CLASS_CURRENTCOUNT,PROF_ID,BUILDING_ID,MAX_COUNT) values ('200183019711','8301','6',0,'9711','E103',30);
Insert into ENROLMENT.CLASS_INFO (CLASS_ID,SUBJECT_ID,DEPARTMENT_ID,CLASS_CURRENTCOUNT,PROF_ID,BUILDING_ID,MAX_COUNT) values ('200183029712','8302','6',0,'9712','E102',50);
Insert into ENROLMENT.CLASS_INFO (CLASS_ID,SUBJECT_ID,DEPARTMENT_ID,CLASS_CURRENTCOUNT,PROF_ID,BUILDING_ID,MAX_COUNT) values ('200183039713','8303','6',0,'9713','E101',30);
Insert into ENROLMENT.CLASS_INFO (CLASS_ID,SUBJECT_ID,DEPARTMENT_ID,CLASS_CURRENTCOUNT,PROF_ID,BUILDING_ID,MAX_COUNT) values ('200183049714','8304','6',0,'9714','E102',10);
Insert into ENROLMENT.CLASS_INFO (CLASS_ID,SUBJECT_ID,DEPARTMENT_ID,CLASS_CURRENTCOUNT,PROF_ID,BUILDING_ID,MAX_COUNT) values ('200183059715','8305','6',0,'9715','E103',10);
Insert into ENROLMENT.CLASS_INFO (CLASS_ID,SUBJECT_ID,DEPARTMENT_ID,CLASS_CURRENTCOUNT,PROF_ID,BUILDING_ID,MAX_COUNT) values ('200194019716','9401','6',0,'9716','E103',30);
Insert into ENROLMENT.CLASS_INFO (CLASS_ID,SUBJECT_ID,DEPARTMENT_ID,CLASS_CURRENTCOUNT,PROF_ID,BUILDING_ID,MAX_COUNT) values ('200194029717','9402','6',0,'9717','E102',50);
Insert into ENROLMENT.CLASS_INFO (CLASS_ID,SUBJECT_ID,DEPARTMENT_ID,CLASS_CURRENTCOUNT,PROF_ID,BUILDING_ID,MAX_COUNT) values ('200194039718','9403','6',0,'9718','E101',10);
Insert into ENROLMENT.CLASS_INFO (CLASS_ID,SUBJECT_ID,DEPARTMENT_ID,CLASS_CURRENTCOUNT,PROF_ID,BUILDING_ID,MAX_COUNT) values ('200194049719','9404','6',0,'9719','E103',30);
Insert into ENROLMENT.CLASS_INFO (CLASS_ID,SUBJECT_ID,DEPARTMENT_ID,CLASS_CURRENTCOUNT,PROF_ID,BUILDING_ID,MAX_COUNT) values ('200194059720','9405','6',0,'9720','E102',20);
Insert into ENROLMENT.CLASS_INFO (CLASS_ID,SUBJECT_ID,DEPARTMENT_ID,CLASS_CURRENTCOUNT,PROF_ID,BUILDING_ID,MAX_COUNT) values ('190150019501','5001','5',15,'9501','B101',15);
Insert into ENROLMENT.CLASS_INFO (CLASS_ID,SUBJECT_ID,DEPARTMENT_ID,CLASS_CURRENTCOUNT,PROF_ID,BUILDING_ID,MAX_COUNT) values ('190150039504','5003','5',13,'9504','B203',15);
Insert into ENROLMENT.CLASS_INFO (CLASS_ID,SUBJECT_ID,DEPARTMENT_ID,CLASS_CURRENTCOUNT,PROF_ID,BUILDING_ID,MAX_COUNT) values ('190150049505','5004','5',12,'9505','B103',50);
Insert into ENROLMENT.CLASS_INFO (CLASS_ID,SUBJECT_ID,DEPARTMENT_ID,CLASS_CURRENTCOUNT,PROF_ID,BUILDING_ID,MAX_COUNT) values ('190161019601','6101','6',44,'9601','E101',10);
Insert into ENROLMENT.CLASS_INFO (CLASS_ID,SUBJECT_ID,DEPARTMENT_ID,CLASS_CURRENTCOUNT,PROF_ID,BUILDING_ID,MAX_COUNT) values ('190172029607','7202','6',8,'9607','E103',15);
Insert into ENROLMENT.CLASS_INFO (CLASS_ID,SUBJECT_ID,DEPARTMENT_ID,CLASS_CURRENTCOUNT,PROF_ID,BUILDING_ID,MAX_COUNT) values ('190250029503','5002','5',13,'9503','B103',15);
Insert into ENROLMENT.CLASS_INFO (CLASS_ID,SUBJECT_ID,DEPARTMENT_ID,CLASS_CURRENTCOUNT,PROF_ID,BUILDING_ID,MAX_COUNT) values ('190250069508','5006','5',12,'9508','B203',15);
Insert into ENROLMENT.CLASS_INFO (CLASS_ID,SUBJECT_ID,DEPARTMENT_ID,CLASS_CURRENTCOUNT,PROF_ID,BUILDING_ID,MAX_COUNT) values ('190250079509','5007','5',14,'9509','B103',20);
Insert into ENROLMENT.CLASS_INFO (CLASS_ID,SUBJECT_ID,DEPARTMENT_ID,CLASS_CURRENTCOUNT,PROF_ID,BUILDING_ID,MAX_COUNT) values ('190250059507','5005','5',18,'9507','B102',30);
Insert into ENROLMENT.CLASS_INFO (CLASS_ID,SUBJECT_ID,DEPARTMENT_ID,CLASS_CURRENTCOUNT,PROF_ID,BUILDING_ID,MAX_COUNT) values ('190294059720','9405','6',28,'9720','E102',50);
Insert into ENROLMENT.CLASS_INFO (CLASS_ID,SUBJECT_ID,DEPARTMENT_ID,CLASS_CURRENTCOUNT,PROF_ID,BUILDING_ID,MAX_COUNT) values ('190272019606','7201','6',48,'9606','E101',20);
Insert into ENROLMENT.CLASS_INFO (CLASS_ID,SUBJECT_ID,DEPARTMENT_ID,CLASS_CURRENTCOUNT,PROF_ID,BUILDING_ID,MAX_COUNT) values ('190130019301','3001','3',20,'9301','C102',15);
Insert into ENROLMENT.CLASS_INFO (CLASS_ID,SUBJECT_ID,DEPARTMENT_ID,CLASS_CURRENTCOUNT,PROF_ID,BUILDING_ID,MAX_COUNT) values ('190130039305','3003','3',15,'9305','C103',20);
Insert into ENROLMENT.CLASS_INFO (CLASS_ID,SUBJECT_ID,DEPARTMENT_ID,CLASS_CURRENTCOUNT,PROF_ID,BUILDING_ID,MAX_COUNT) values ('190130199326','3019','3',20,'9326','C102',20);
Insert into ENROLMENT.CLASS_INFO (CLASS_ID,SUBJECT_ID,DEPARTMENT_ID,CLASS_CURRENTCOUNT,PROF_ID,BUILDING_ID,MAX_COUNT) values ('190130079311','3007','3',20,'9311','C101',30);
Insert into ENROLMENT.CLASS_INFO (CLASS_ID,SUBJECT_ID,DEPARTMENT_ID,CLASS_CURRENTCOUNT,PROF_ID,BUILDING_ID,MAX_COUNT) values ('190161039604','6103','6',30,'9604','E102',50);
Insert into ENROLMENT.CLASS_INFO (CLASS_ID,SUBJECT_ID,DEPARTMENT_ID,CLASS_CURRENTCOUNT,PROF_ID,BUILDING_ID,MAX_COUNT) values ('190161049605','6104','6',50,'9605','E101',15);
Insert into ENROLMENT.CLASS_INFO (CLASS_ID,SUBJECT_ID,DEPARTMENT_ID,CLASS_CURRENTCOUNT,PROF_ID,BUILDING_ID,MAX_COUNT) values ('190230049307','3004','3',15,'9307','C103',15);
Insert into ENROLMENT.CLASS_INFO (CLASS_ID,SUBJECT_ID,DEPARTMENT_ID,CLASS_CURRENTCOUNT,PROF_ID,BUILDING_ID,MAX_COUNT) values ('190230109314','3010','3',15,'9314','C103',20);
Insert into ENROLMENT.CLASS_INFO (CLASS_ID,SUBJECT_ID,DEPARTMENT_ID,CLASS_CURRENTCOUNT,PROF_ID,BUILDING_ID,MAX_COUNT) values ('190230129317','3012','3',20,'9317','C102',15);
Insert into ENROLMENT.CLASS_INFO (CLASS_ID,SUBJECT_ID,DEPARTMENT_ID,CLASS_CURRENTCOUNT,PROF_ID,BUILDING_ID,MAX_COUNT) values ('190230189325','3018','3',15,'9325','C103',50);
Insert into ENROLMENT.CLASS_INFO (CLASS_ID,SUBJECT_ID,DEPARTMENT_ID,CLASS_CURRENTCOUNT,PROF_ID,BUILDING_ID,MAX_COUNT) values ('190261059605','6104','6',50,'9605','E101',10);
Insert into ENROLMENT.CLASS_INFO (CLASS_ID,SUBJECT_ID,DEPARTMENT_ID,CLASS_CURRENTCOUNT,PROF_ID,BUILDING_ID,MAX_COUNT) values ('190294049719','9404','6',10,'9719','E103',10);
Insert into ENROLMENT.CLASS_INFO (CLASS_ID,SUBJECT_ID,DEPARTMENT_ID,CLASS_CURRENTCOUNT,PROF_ID,BUILDING_ID,MAX_COUNT) values ('190261029602','6102','6',10,'9602','E103',20);
Insert into ENROLMENT.CLASS_INFO (CLASS_ID,SUBJECT_ID,DEPARTMENT_ID,CLASS_CURRENTCOUNT,PROF_ID,BUILDING_ID,MAX_COUNT) values ('190120019201','2001','2',20,'9201','B101',20);
Insert into ENROLMENT.CLASS_INFO (CLASS_ID,SUBJECT_ID,DEPARTMENT_ID,CLASS_CURRENTCOUNT,PROF_ID,BUILDING_ID,MAX_COUNT) values ('190120029204','2002','2',20,'9204','B202',20);
Insert into ENROLMENT.CLASS_INFO (CLASS_ID,SUBJECT_ID,DEPARTMENT_ID,CLASS_CURRENTCOUNT,PROF_ID,BUILDING_ID,MAX_COUNT) values ('190120039205','2003','2',20,'9205','B101',20);
Insert into ENROLMENT.CLASS_INFO (CLASS_ID,SUBJECT_ID,DEPARTMENT_ID,CLASS_CURRENTCOUNT,PROF_ID,BUILDING_ID,MAX_COUNT) values ('190120049206','2004','2',20,'9206','B101',20);
Insert into ENROLMENT.CLASS_INFO (CLASS_ID,SUBJECT_ID,DEPARTMENT_ID,CLASS_CURRENTCOUNT,PROF_ID,BUILDING_ID,MAX_COUNT) values ('190220099212','2009','2',20,'9212','B201',20);
Insert into ENROLMENT.CLASS_INFO (CLASS_ID,SUBJECT_ID,DEPARTMENT_ID,CLASS_CURRENTCOUNT,PROF_ID,BUILDING_ID,MAX_COUNT) values ('190220069207','2006','2',20,'9207','B102',20);
Insert into ENROLMENT.CLASS_INFO (CLASS_ID,SUBJECT_ID,DEPARTMENT_ID,CLASS_CURRENTCOUNT,PROF_ID,BUILDING_ID,MAX_COUNT) values ('190220079209','2007','2',20,'9209','B102',50);
Insert into ENROLMENT.CLASS_INFO (CLASS_ID,SUBJECT_ID,DEPARTMENT_ID,CLASS_CURRENTCOUNT,PROF_ID,BUILDING_ID,MAX_COUNT) values ('190261019601','6101','6',50,'9601','E101',20);
Insert into ENROLMENT.CLASS_INFO (CLASS_ID,SUBJECT_ID,DEPARTMENT_ID,CLASS_CURRENTCOUNT,PROF_ID,BUILDING_ID,MAX_COUNT) values ('190240019401','4001','4',17,'9401','D102',20);
Insert into ENROLMENT.CLASS_INFO (CLASS_ID,SUBJECT_ID,DEPARTMENT_ID,CLASS_CURRENTCOUNT,PROF_ID,BUILDING_ID,MAX_COUNT) values ('190240029402','4002','4',20,'9402','D101',15);
Insert into ENROLMENT.CLASS_INFO (CLASS_ID,SUBJECT_ID,DEPARTMENT_ID,CLASS_CURRENTCOUNT,PROF_ID,BUILDING_ID,MAX_COUNT) values ('190240039403','4003','4',15,'9403','D103',20);
Insert into ENROLMENT.CLASS_INFO (CLASS_ID,SUBJECT_ID,DEPARTMENT_ID,CLASS_CURRENTCOUNT,PROF_ID,BUILDING_ID,MAX_COUNT) values ('190240059404','4005','4',19,'9404','D102',20);
Insert into ENROLMENT.CLASS_INFO (CLASS_ID,SUBJECT_ID,DEPARTMENT_ID,CLASS_CURRENTCOUNT,PROF_ID,BUILDING_ID,MAX_COUNT) values ('190240079405','4007','4',13,'9405','D102',20);
Insert into ENROLMENT.CLASS_INFO (CLASS_ID,SUBJECT_ID,DEPARTMENT_ID,CLASS_CURRENTCOUNT,PROF_ID,BUILDING_ID,MAX_COUNT) values ('190240099402','4009','4',17,'9402','D102',15);
Insert into ENROLMENT.CLASS_INFO (CLASS_ID,SUBJECT_ID,DEPARTMENT_ID,CLASS_CURRENTCOUNT,PROF_ID,BUILDING_ID,MAX_COUNT) values ('190240109407','4010','4',11,'9407','D103',15);
Insert into ENROLMENT.CLASS_INFO (CLASS_ID,SUBJECT_ID,DEPARTMENT_ID,CLASS_CURRENTCOUNT,PROF_ID,BUILDING_ID,MAX_COUNT) values ('190240119408','4011','4',8,'9408','D103',20);
Insert into ENROLMENT.CLASS_INFO (CLASS_ID,SUBJECT_ID,DEPARTMENT_ID,CLASS_CURRENTCOUNT,PROF_ID,BUILDING_ID,MAX_COUNT) values ('190240149411','4014','4',20,'9411','D101',15);
Insert into ENROLMENT.CLASS_INFO (CLASS_ID,SUBJECT_ID,DEPARTMENT_ID,CLASS_CURRENTCOUNT,PROF_ID,BUILDING_ID,MAX_COUNT) values ('190240159406','4015','4',14,'9406','D103',20);
Insert into ENROLMENT.CLASS_INFO (CLASS_ID,SUBJECT_ID,DEPARTMENT_ID,CLASS_CURRENTCOUNT,PROF_ID,BUILDING_ID,MAX_COUNT) values ('190240169412','4016','4',19,'9412','D101',30);
Insert into ENROLMENT.CLASS_INFO (CLASS_ID,SUBJECT_ID,DEPARTMENT_ID,CLASS_CURRENTCOUNT,PROF_ID,BUILDING_ID,MAX_COUNT) values ('190261029603','6102','6',24,'9603','E102',10);
Insert into ENROLMENT.CLASS_INFO (CLASS_ID,SUBJECT_ID,DEPARTMENT_ID,CLASS_CURRENTCOUNT,PROF_ID,BUILDING_ID,MAX_COUNT) values ('190272029607','7202','6',8,'9607','E103',30);
Insert into ENROLMENT.CLASS_INFO (CLASS_ID,SUBJECT_ID,DEPARTMENT_ID,CLASS_CURRENTCOUNT,PROF_ID,BUILDING_ID,MAX_COUNT) values ('190272039608','7203','6',20,'9608','E102',50);
Insert into ENROLMENT.CLASS_INFO (CLASS_ID,SUBJECT_ID,DEPARTMENT_ID,CLASS_CURRENTCOUNT,PROF_ID,BUILDING_ID,MAX_COUNT) values ('190272059610','7205','6',41,'9610','E101',30);
Insert into ENROLMENT.CLASS_INFO (CLASS_ID,SUBJECT_ID,DEPARTMENT_ID,CLASS_CURRENTCOUNT,PROF_ID,BUILDING_ID,MAX_COUNT) values ('190283049714','8304','6',19,'9714','E102',50);
Insert into ENROLMENT.CLASS_INFO (CLASS_ID,SUBJECT_ID,DEPARTMENT_ID,CLASS_CURRENTCOUNT,PROF_ID,BUILDING_ID,MAX_COUNT) values ('190294039718','9403','6',39,'9718','E101',20);
Insert into ENROLMENT.CLASS_INFO (CLASS_ID,SUBJECT_ID,DEPARTMENT_ID,CLASS_CURRENTCOUNT,PROF_ID,BUILDING_ID,MAX_COUNT) values ('190110029102','1002','1',20,'9102','A102',20);
Insert into ENROLMENT.CLASS_INFO (CLASS_ID,SUBJECT_ID,DEPARTMENT_ID,CLASS_CURRENTCOUNT,PROF_ID,BUILDING_ID,MAX_COUNT) values ('190110129105','1012','1',20,'9105','A102',20);
Insert into ENROLMENT.CLASS_INFO (CLASS_ID,SUBJECT_ID,DEPARTMENT_ID,CLASS_CURRENTCOUNT,PROF_ID,BUILDING_ID,MAX_COUNT) values ('190110119104','1011','1',20,'9104','A101',20);
Insert into ENROLMENT.CLASS_INFO (CLASS_ID,SUBJECT_ID,DEPARTMENT_ID,CLASS_CURRENTCOUNT,PROF_ID,BUILDING_ID,MAX_COUNT) values ('190110059105','1005','1',20,'9105','A102',20);
Insert into ENROLMENT.CLASS_INFO (CLASS_ID,SUBJECT_ID,DEPARTMENT_ID,CLASS_CURRENTCOUNT,PROF_ID,BUILDING_ID,MAX_COUNT) values ('190110099101','1009','1',20,'9101','A102',20);
Insert into ENROLMENT.CLASS_INFO (CLASS_ID,SUBJECT_ID,DEPARTMENT_ID,CLASS_CURRENTCOUNT,PROF_ID,BUILDING_ID,MAX_COUNT) values ('190210049104','1004','1',20,'9104','A101',10);
Insert into ENROLMENT.CLASS_INFO (CLASS_ID,SUBJECT_ID,DEPARTMENT_ID,CLASS_CURRENTCOUNT,PROF_ID,BUILDING_ID,MAX_COUNT) values ('190283059715','8305','6',10,'9715','E103',20);
Insert into ENROLMENT.CLASS_INFO (CLASS_ID,SUBJECT_ID,DEPARTMENT_ID,CLASS_CURRENTCOUNT,PROF_ID,BUILDING_ID,MAX_COUNT) values ('190210019101','1001','1',20,'9101','A101',30);
Insert into ENROLMENT.CLASS_INFO (CLASS_ID,SUBJECT_ID,DEPARTMENT_ID,CLASS_CURRENTCOUNT,PROF_ID,BUILDING_ID,MAX_COUNT) values ('190294029717','9402','6',30,'9717','E102',20);
Insert into ENROLMENT.CLASS_INFO (CLASS_ID,SUBJECT_ID,DEPARTMENT_ID,CLASS_CURRENTCOUNT,PROF_ID,BUILDING_ID,MAX_COUNT) values ('190210139106','1013','1',20,'9106','A102',15);
Insert into ENROLMENT.CLASS_INFO (CLASS_ID,SUBJECT_ID,DEPARTMENT_ID,CLASS_CURRENTCOUNT,PROF_ID,BUILDING_ID,MAX_COUNT) values ('190210149111','1014','1',15,'9111','A103',20);
Insert into ENROLMENT.CLASS_INFO (CLASS_ID,SUBJECT_ID,DEPARTMENT_ID,CLASS_CURRENTCOUNT,PROF_ID,BUILDING_ID,MAX_COUNT) values ('190140019401','4001','4',18,'9401','D102',20);
Insert into ENROLMENT.CLASS_INFO (CLASS_ID,SUBJECT_ID,DEPARTMENT_ID,CLASS_CURRENTCOUNT,PROF_ID,BUILDING_ID,MAX_COUNT) values ('190140069405','4006','4',20,'9405','D101',20);
Insert into ENROLMENT.CLASS_INFO (CLASS_ID,SUBJECT_ID,DEPARTMENT_ID,CLASS_CURRENTCOUNT,PROF_ID,BUILDING_ID,MAX_COUNT) values ('190140099402','4009','4',14,'9402','D102',30);
Insert into ENROLMENT.CLASS_INFO (CLASS_ID,SUBJECT_ID,DEPARTMENT_ID,CLASS_CURRENTCOUNT,PROF_ID,BUILDING_ID,MAX_COUNT) values ('190172039608','7203','6',21,'9608','E102',20);
Insert into ENROLMENT.CLASS_INFO (CLASS_ID,SUBJECT_ID,DEPARTMENT_ID,CLASS_CURRENTCOUNT,PROF_ID,BUILDING_ID,MAX_COUNT) values ('190140029402','4002','4',20,'9402','D102',20);
Insert into ENROLMENT.CLASS_INFO (CLASS_ID,SUBJECT_ID,DEPARTMENT_ID,CLASS_CURRENTCOUNT,PROF_ID,BUILDING_ID,MAX_COUNT) values ('190140059404','4005','4',20,'9404','D102',20);
Insert into ENROLMENT.CLASS_INFO (CLASS_ID,SUBJECT_ID,DEPARTMENT_ID,CLASS_CURRENTCOUNT,PROF_ID,BUILDING_ID,MAX_COUNT) values ('190140169412','4016','4',20,'9412','D101',50);
Insert into ENROLMENT.CLASS_INFO (CLASS_ID,SUBJECT_ID,DEPARTMENT_ID,CLASS_CURRENTCOUNT,PROF_ID,BUILDING_ID,MAX_COUNT) values ('190183039713','8303','6',50,'9713','E101',30);
Insert into ENROLMENT.CLASS_INFO (CLASS_ID,SUBJECT_ID,DEPARTMENT_ID,CLASS_CURRENTCOUNT,PROF_ID,BUILDING_ID,MAX_COUNT) values ('190183049714','8304','6',30,'9714','E102',15);
Insert into ENROLMENT.CLASS_INFO (CLASS_ID,SUBJECT_ID,DEPARTMENT_ID,CLASS_CURRENTCOUNT,PROF_ID,BUILDING_ID,MAX_COUNT) values ('190140119408','4011','4',15,'9408','D103',30);
Insert into ENROLMENT.CLASS_INFO (CLASS_ID,SUBJECT_ID,DEPARTMENT_ID,CLASS_CURRENTCOUNT,PROF_ID,BUILDING_ID,MAX_COUNT) values ('190161029603','6102','6',30,'9603','E102',20);
Insert into ENROLMENT.CLASS_INFO (CLASS_ID,SUBJECT_ID,DEPARTMENT_ID,CLASS_CURRENTCOUNT,PROF_ID,BUILDING_ID,MAX_COUNT) values ('190140079405','4007','4',20,'9405','D102',50);
Insert into ENROLMENT.CLASS_INFO (CLASS_ID,SUBJECT_ID,DEPARTMENT_ID,CLASS_CURRENTCOUNT,PROF_ID,BUILDING_ID,MAX_COUNT) values ('190172059610','7205','6',48,'9610','E101',50);
Insert into ENROLMENT.CLASS_INFO (CLASS_ID,SUBJECT_ID,DEPARTMENT_ID,CLASS_CURRENTCOUNT,PROF_ID,BUILDING_ID,MAX_COUNT) values ('190194039718','9403','6',48,'9718','E101',15);
Insert into ENROLMENT.CLASS_INFO (CLASS_ID,SUBJECT_ID,DEPARTMENT_ID,CLASS_CURRENTCOUNT,PROF_ID,BUILDING_ID,MAX_COUNT) values ('190140039403','4003','4',15,'9403','D103',15);
Insert into ENROLMENT.CLASS_INFO (CLASS_ID,SUBJECT_ID,DEPARTMENT_ID,CLASS_CURRENTCOUNT,PROF_ID,BUILDING_ID,MAX_COUNT) values ('190140109407','4010','4',15,'9407','D103',20);
Insert into ENROLMENT.CLASS_INFO (CLASS_ID,SUBJECT_ID,DEPARTMENT_ID,CLASS_CURRENTCOUNT,PROF_ID,BUILDING_ID,MAX_COUNT) values ('190140149411','4014','4',20,'9411','D101',15);
Insert into ENROLMENT.CLASS_INFO (CLASS_ID,SUBJECT_ID,DEPARTMENT_ID,CLASS_CURRENTCOUNT,PROF_ID,BUILDING_ID,MAX_COUNT) values ('190140159406','4015','4',15,'9406','D103',10);
Insert into ENROLMENT.CLASS_INFO (CLASS_ID,SUBJECT_ID,DEPARTMENT_ID,CLASS_CURRENTCOUNT,PROF_ID,BUILDING_ID,MAX_COUNT) values ('190194049719','9404','6',10,'9719','E103',10);

--------------------------------------------------------------------------------------------------------------------------------------------------------------------------------------------------------------
--Class_schedule_info(강의스케쥴)

 create table class_schedule_info(
    class_id varchar2(15),
    week_day char(3),
    start_time varchar2(10),
    end_time varchar2(10),
    constraint class_schedule_pk primary key(class_id,week_day, start_time),
    constraint class_schedule_fk foreign key(class_id) references class_info(class_id)
);

Insert into ENROLMENT.CLASS_SCHEDULE_INFO (CLASS_ID,WEEK_DAY,START_TIME,END_TIME) values ('200110019101','WED','01:00','04:00');
Insert into ENROLMENT.CLASS_SCHEDULE_INFO (CLASS_ID,WEEK_DAY,START_TIME,END_TIME) values ('200110029102','MON','09:00','12:00');
Insert into ENROLMENT.CLASS_SCHEDULE_INFO (CLASS_ID,WEEK_DAY,START_TIME,END_TIME) values ('200110039103','TUE','01:00','04:00');
Insert into ENROLMENT.CLASS_SCHEDULE_INFO (CLASS_ID,WEEK_DAY,START_TIME,END_TIME) values ('200110049104','MON','12:00','03:00');
Insert into ENROLMENT.CLASS_SCHEDULE_INFO (CLASS_ID,WEEK_DAY,START_TIME,END_TIME) values ('200110059105','WED','10:00','01:00');
Insert into ENROLMENT.CLASS_SCHEDULE_INFO (CLASS_ID,WEEK_DAY,START_TIME,END_TIME) values ('200110069102','TUE','12:00','03:00');
Insert into ENROLMENT.CLASS_SCHEDULE_INFO (CLASS_ID,WEEK_DAY,START_TIME,END_TIME) values ('200110079107','FRI','09:00','12:00');
Insert into ENROLMENT.CLASS_SCHEDULE_INFO (CLASS_ID,WEEK_DAY,START_TIME,END_TIME) values ('200110089108','WED','10:00','01:00');
Insert into ENROLMENT.CLASS_SCHEDULE_INFO (CLASS_ID,WEEK_DAY,START_TIME,END_TIME) values ('200110099101','THU','10:00','01:00');
Insert into ENROLMENT.CLASS_SCHEDULE_INFO (CLASS_ID,WEEK_DAY,START_TIME,END_TIME) values ('200110109103','THU','12:00','03:00');
Insert into ENROLMENT.CLASS_SCHEDULE_INFO (CLASS_ID,WEEK_DAY,START_TIME,END_TIME) values ('200110119104','TUE','10:00','01:00');
Insert into ENROLMENT.CLASS_SCHEDULE_INFO (CLASS_ID,WEEK_DAY,START_TIME,END_TIME) values ('200110129105','MON','03:00','06:00');
Insert into ENROLMENT.CLASS_SCHEDULE_INFO (CLASS_ID,WEEK_DAY,START_TIME,END_TIME) values ('200110139106','THU','02:00','05:00');
Insert into ENROLMENT.CLASS_SCHEDULE_INFO (CLASS_ID,WEEK_DAY,START_TIME,END_TIME) values ('200110149111','FRI','03:00','06:00');
Insert into ENROLMENT.CLASS_SCHEDULE_INFO (CLASS_ID,WEEK_DAY,START_TIME,END_TIME) values ('200110159110','MON','11:00','02:00');
Insert into ENROLMENT.CLASS_SCHEDULE_INFO (CLASS_ID,WEEK_DAY,START_TIME,END_TIME) values ('200110169112','TUE','04:00','07:00');
Insert into ENROLMENT.CLASS_SCHEDULE_INFO (CLASS_ID,WEEK_DAY,START_TIME,END_TIME) values ('200120019201','MON','10:00','01:00');
Insert into ENROLMENT.CLASS_SCHEDULE_INFO (CLASS_ID,WEEK_DAY,START_TIME,END_TIME) values ('200120019202','THU','10:00','01:00');
Insert into ENROLMENT.CLASS_SCHEDULE_INFO (CLASS_ID,WEEK_DAY,START_TIME,END_TIME) values ('200120019203','WED','10:00','01:00');
Insert into ENROLMENT.CLASS_SCHEDULE_INFO (CLASS_ID,WEEK_DAY,START_TIME,END_TIME) values ('200120029204','WED','03:00','06:00');
Insert into ENROLMENT.CLASS_SCHEDULE_INFO (CLASS_ID,WEEK_DAY,START_TIME,END_TIME) values ('200120039205','FRI','11:00','02:00');
Insert into ENROLMENT.CLASS_SCHEDULE_INFO (CLASS_ID,WEEK_DAY,START_TIME,END_TIME) values ('200120049206','MON','02:00','05:00');
Insert into ENROLMENT.CLASS_SCHEDULE_INFO (CLASS_ID,WEEK_DAY,START_TIME,END_TIME) values ('200120059206','THU','01:00','04:00');
Insert into ENROLMENT.CLASS_SCHEDULE_INFO (CLASS_ID,WEEK_DAY,START_TIME,END_TIME) values ('200120069207','TUE','04:00','07:00');
Insert into ENROLMENT.CLASS_SCHEDULE_INFO (CLASS_ID,WEEK_DAY,START_TIME,END_TIME) values ('200120069208','THU','03:00','06:00');
Insert into ENROLMENT.CLASS_SCHEDULE_INFO (CLASS_ID,WEEK_DAY,START_TIME,END_TIME) values ('200120079209','WED','12:00','03:00');
Insert into ENROLMENT.CLASS_SCHEDULE_INFO (CLASS_ID,WEEK_DAY,START_TIME,END_TIME) values ('200120079210','FRI','09:00','12:00');
Insert into ENROLMENT.CLASS_SCHEDULE_INFO (CLASS_ID,WEEK_DAY,START_TIME,END_TIME) values ('200120089211','MON','11:00','02:00');
Insert into ENROLMENT.CLASS_SCHEDULE_INFO (CLASS_ID,WEEK_DAY,START_TIME,END_TIME) values ('200120099212','FRI','12:00','03:00');
Insert into ENROLMENT.CLASS_SCHEDULE_INFO (CLASS_ID,WEEK_DAY,START_TIME,END_TIME) values ('200120109213','MON','01:00','04:00');
Insert into ENROLMENT.CLASS_SCHEDULE_INFO (CLASS_ID,WEEK_DAY,START_TIME,END_TIME) values ('200120109214','THU','11:00','02:00');
Insert into ENROLMENT.CLASS_SCHEDULE_INFO (CLASS_ID,WEEK_DAY,START_TIME,END_TIME) values ('200120119215','TUE','09:00','12:00');
Insert into ENROLMENT.CLASS_SCHEDULE_INFO (CLASS_ID,WEEK_DAY,START_TIME,END_TIME) values ('200120119213','FRI','01:00','04:00');
Insert into ENROLMENT.CLASS_SCHEDULE_INFO (CLASS_ID,WEEK_DAY,START_TIME,END_TIME) values ('200120129214','WED','01:00','04:00');
Insert into ENROLMENT.CLASS_SCHEDULE_INFO (CLASS_ID,WEEK_DAY,START_TIME,END_TIME) values ('200120129215','THU','09:00','12:00');
Insert into ENROLMENT.CLASS_SCHEDULE_INFO (CLASS_ID,WEEK_DAY,START_TIME,END_TIME) values ('200120129216','FRI','03:00','06:00');
Insert into ENROLMENT.CLASS_SCHEDULE_INFO (CLASS_ID,WEEK_DAY,START_TIME,END_TIME) values ('200120139217','TUE','11:00','02:00');
Insert into ENROLMENT.CLASS_SCHEDULE_INFO (CLASS_ID,WEEK_DAY,START_TIME,END_TIME) values ('200120149218','TUE','02:00','06:00');
Insert into ENROLMENT.CLASS_SCHEDULE_INFO (CLASS_ID,WEEK_DAY,START_TIME,END_TIME) values ('200130019301','MON','09:00','12:00');
Insert into ENROLMENT.CLASS_SCHEDULE_INFO (CLASS_ID,WEEK_DAY,START_TIME,END_TIME) values ('200130019302','FRI','01:00','04:00');
Insert into ENROLMENT.CLASS_SCHEDULE_INFO (CLASS_ID,WEEK_DAY,START_TIME,END_TIME) values ('200130029303','TUE','02:00','05:00');
Insert into ENROLMENT.CLASS_SCHEDULE_INFO (CLASS_ID,WEEK_DAY,START_TIME,END_TIME) values ('200130029304','THU','03:00','06:00');
Insert into ENROLMENT.CLASS_SCHEDULE_INFO (CLASS_ID,WEEK_DAY,START_TIME,END_TIME) values ('200130039305','MON','10:00','01:00');
Insert into ENROLMENT.CLASS_SCHEDULE_INFO (CLASS_ID,WEEK_DAY,START_TIME,END_TIME) values ('200130039306','THU','10:00','01:00');
Insert into ENROLMENT.CLASS_SCHEDULE_INFO (CLASS_ID,WEEK_DAY,START_TIME,END_TIME) values ('200130049307','WED','09:00','12:00');
Insert into ENROLMENT.CLASS_SCHEDULE_INFO (CLASS_ID,WEEK_DAY,START_TIME,END_TIME) values ('200130059309','THU','01:00','04:00');
Insert into ENROLMENT.CLASS_SCHEDULE_INFO (CLASS_ID,WEEK_DAY,START_TIME,END_TIME) values ('200130069310','FRI','10:00','01:00');
Insert into ENROLMENT.CLASS_SCHEDULE_INFO (CLASS_ID,WEEK_DAY,START_TIME,END_TIME) values ('200130079311','TUE','09:00','12:00');
Insert into ENROLMENT.CLASS_SCHEDULE_INFO (CLASS_ID,WEEK_DAY,START_TIME,END_TIME) values ('200130089312','WED','02:00','05:00');
Insert into ENROLMENT.CLASS_SCHEDULE_INFO (CLASS_ID,WEEK_DAY,START_TIME,END_TIME) values ('200130099313','MON','12:00','03:00');
Insert into ENROLMENT.CLASS_SCHEDULE_INFO (CLASS_ID,WEEK_DAY,START_TIME,END_TIME) values ('200130109314','FRI','12:00','03:00');
Insert into ENROLMENT.CLASS_SCHEDULE_INFO (CLASS_ID,WEEK_DAY,START_TIME,END_TIME) values ('200130119310','THU','11:00','02:00');
Insert into ENROLMENT.CLASS_SCHEDULE_INFO (CLASS_ID,WEEK_DAY,START_TIME,END_TIME) values ('200130129317','WED','12:00','02:00');
Insert into ENROLMENT.CLASS_SCHEDULE_INFO (CLASS_ID,WEEK_DAY,START_TIME,END_TIME) values ('200130139319','THU','01:00','04:00');
Insert into ENROLMENT.CLASS_SCHEDULE_INFO (CLASS_ID,WEEK_DAY,START_TIME,END_TIME) values ('200130149312','TUE','12:00','03:00');
Insert into ENROLMENT.CLASS_SCHEDULE_INFO (CLASS_ID,WEEK_DAY,START_TIME,END_TIME) values ('200130149301','FRI','09:00','12:00');
Insert into ENROLMENT.CLASS_SCHEDULE_INFO (CLASS_ID,WEEK_DAY,START_TIME,END_TIME) values ('200130159322','MON','02:00','05:00');
Insert into ENROLMENT.CLASS_SCHEDULE_INFO (CLASS_ID,WEEK_DAY,START_TIME,END_TIME) values ('200130169323','WED','10:00','01:00');
Insert into ENROLMENT.CLASS_SCHEDULE_INFO (CLASS_ID,WEEK_DAY,START_TIME,END_TIME) values ('200130179313','FRI','11:00','02:00');
Insert into ENROLMENT.CLASS_SCHEDULE_INFO (CLASS_ID,WEEK_DAY,START_TIME,END_TIME) values ('200130189325','TUE','10:00','01:00');
Insert into ENROLMENT.CLASS_SCHEDULE_INFO (CLASS_ID,WEEK_DAY,START_TIME,END_TIME) values ('200130199326','WED','09:00','12:00');
Insert into ENROLMENT.CLASS_SCHEDULE_INFO (CLASS_ID,WEEK_DAY,START_TIME,END_TIME) values ('200140019401','TUE','09:00','01:00');
Insert into ENROLMENT.CLASS_SCHEDULE_INFO (CLASS_ID,WEEK_DAY,START_TIME,END_TIME) values ('200140019402','FRI','01:00','05:00');
Insert into ENROLMENT.CLASS_SCHEDULE_INFO (CLASS_ID,WEEK_DAY,START_TIME,END_TIME) values ('200140029402','MON','10:00','01:00');
Insert into ENROLMENT.CLASS_SCHEDULE_INFO (CLASS_ID,WEEK_DAY,START_TIME,END_TIME) values ('200140039403','WED','11:00','02:00');
Insert into ENROLMENT.CLASS_SCHEDULE_INFO (CLASS_ID,WEEK_DAY,START_TIME,END_TIME) values ('200140049406','TUE','01:00','05:00');
Insert into ENROLMENT.CLASS_SCHEDULE_INFO (CLASS_ID,WEEK_DAY,START_TIME,END_TIME) values ('200140049402','THU','09:00','01:00');
Insert into ENROLMENT.CLASS_SCHEDULE_INFO (CLASS_ID,WEEK_DAY,START_TIME,END_TIME) values ('200140059404','FRI','10:00','01:00');
Insert into ENROLMENT.CLASS_SCHEDULE_INFO (CLASS_ID,WEEK_DAY,START_TIME,END_TIME) values ('200140069405','THU','12:00','03:00');
Insert into ENROLMENT.CLASS_SCHEDULE_INFO (CLASS_ID,WEEK_DAY,START_TIME,END_TIME) values ('200140079405','WED','09:00','01:00');
Insert into ENROLMENT.CLASS_SCHEDULE_INFO (CLASS_ID,WEEK_DAY,START_TIME,END_TIME) values ('200140089406','MON','02:00','05:00');
Insert into ENROLMENT.CLASS_SCHEDULE_INFO (CLASS_ID,WEEK_DAY,START_TIME,END_TIME) values ('200140099402','THU','10:00','02:00');
Insert into ENROLMENT.CLASS_SCHEDULE_INFO (CLASS_ID,WEEK_DAY,START_TIME,END_TIME) values ('200140109407','FRI','10:00','01:00');
Insert into ENROLMENT.CLASS_SCHEDULE_INFO (CLASS_ID,WEEK_DAY,START_TIME,END_TIME) values ('200140119408','MON','12:00','03:00');
Insert into ENROLMENT.CLASS_SCHEDULE_INFO (CLASS_ID,WEEK_DAY,START_TIME,END_TIME) values ('200140129409','WED','02:00','05:00');
Insert into ENROLMENT.CLASS_SCHEDULE_INFO (CLASS_ID,WEEK_DAY,START_TIME,END_TIME) values ('200140139410','TUE','10:00','01:00');
Insert into ENROLMENT.CLASS_SCHEDULE_INFO (CLASS_ID,WEEK_DAY,START_TIME,END_TIME) values ('200140149411','MON','03:00','06:00');
Insert into ENROLMENT.CLASS_SCHEDULE_INFO (CLASS_ID,WEEK_DAY,START_TIME,END_TIME) values ('200140159406','THU','02:00','05:00');
Insert into ENROLMENT.CLASS_SCHEDULE_INFO (CLASS_ID,WEEK_DAY,START_TIME,END_TIME) values ('200140169412','WED','02:00','05:00');
Insert into ENROLMENT.CLASS_SCHEDULE_INFO (CLASS_ID,WEEK_DAY,START_TIME,END_TIME) values ('200150019501','WED','11:00','02:00');
Insert into ENROLMENT.CLASS_SCHEDULE_INFO (CLASS_ID,WEEK_DAY,START_TIME,END_TIME) values ('200150019502','TUE','11:00','02:00');
Insert into ENROLMENT.CLASS_SCHEDULE_INFO (CLASS_ID,WEEK_DAY,START_TIME,END_TIME) values ('200150029503','MON','09:00','12:00');
Insert into ENROLMENT.CLASS_SCHEDULE_INFO (CLASS_ID,WEEK_DAY,START_TIME,END_TIME) values ('200150039504','FRI','10:00','04:00');
Insert into ENROLMENT.CLASS_SCHEDULE_INFO (CLASS_ID,WEEK_DAY,START_TIME,END_TIME) values ('200150049505','MON','02:00','05:00');
Insert into ENROLMENT.CLASS_SCHEDULE_INFO (CLASS_ID,WEEK_DAY,START_TIME,END_TIME) values ('200150049506','THU','12:00','03:00');
Insert into ENROLMENT.CLASS_SCHEDULE_INFO (CLASS_ID,WEEK_DAY,START_TIME,END_TIME) values ('200150059507','FRI','01:00','04:00');
Insert into ENROLMENT.CLASS_SCHEDULE_INFO (CLASS_ID,WEEK_DAY,START_TIME,END_TIME) values ('200150069508','WED','09:00','12:00');
Insert into ENROLMENT.CLASS_SCHEDULE_INFO (CLASS_ID,WEEK_DAY,START_TIME,END_TIME) values ('200150079509','TUE','01:00','05:00');
Insert into ENROLMENT.CLASS_SCHEDULE_INFO (CLASS_ID,WEEK_DAY,START_TIME,END_TIME) values ('200150089510','THU','09:00','12:00');
Insert into ENROLMENT.CLASS_SCHEDULE_INFO (CLASS_ID,WEEK_DAY,START_TIME,END_TIME) values ('200150099511','MON','03:00','06:00');
Insert into ENROLMENT.CLASS_SCHEDULE_INFO (CLASS_ID,WEEK_DAY,START_TIME,END_TIME) values ('200150109511','FRI','02:00','05:00');
Insert into ENROLMENT.CLASS_SCHEDULE_INFO (CLASS_ID,WEEK_DAY,START_TIME,END_TIME) values ('200150119509','THU','09:00','01:00');
Insert into ENROLMENT.CLASS_SCHEDULE_INFO (CLASS_ID,WEEK_DAY,START_TIME,END_TIME) values ('200150129514','WED','02:00','05:00');
Insert into ENROLMENT.CLASS_SCHEDULE_INFO (CLASS_ID,WEEK_DAY,START_TIME,END_TIME) values ('200150139515','TUE','09:00','12:00');
Insert into ENROLMENT.CLASS_SCHEDULE_INFO (CLASS_ID,WEEK_DAY,START_TIME,END_TIME) values ('200150149516','FRI','09:00','12:00');
Insert into ENROLMENT.CLASS_SCHEDULE_INFO (CLASS_ID,WEEK_DAY,START_TIME,END_TIME) values ('200150159508','THU','03:00','06:00');
Insert into ENROLMENT.CLASS_SCHEDULE_INFO (CLASS_ID,WEEK_DAY,START_TIME,END_TIME) values ('200150169514','MON','10:00','02:00');
Insert into ENROLMENT.CLASS_SCHEDULE_INFO (CLASS_ID,WEEK_DAY,START_TIME,END_TIME) values ('200161019601','MON','09:00','12:00');
Insert into ENROLMENT.CLASS_SCHEDULE_INFO (CLASS_ID,WEEK_DAY,START_TIME,END_TIME) values ('200161029602','WED','04:00','05:00');
Insert into ENROLMENT.CLASS_SCHEDULE_INFO (CLASS_ID,WEEK_DAY,START_TIME,END_TIME) values ('200161029603','FRI','11:00','02:00');
Insert into ENROLMENT.CLASS_SCHEDULE_INFO (CLASS_ID,WEEK_DAY,START_TIME,END_TIME) values ('200161039604','TUE','03:00','06:00');
Insert into ENROLMENT.CLASS_SCHEDULE_INFO (CLASS_ID,WEEK_DAY,START_TIME,END_TIME) values ('200161049605','FRI','03:00','06:00');
Insert into ENROLMENT.CLASS_SCHEDULE_INFO (CLASS_ID,WEEK_DAY,START_TIME,END_TIME) values ('200172019606','MON','02:00','04:00');
Insert into ENROLMENT.CLASS_SCHEDULE_INFO (CLASS_ID,WEEK_DAY,START_TIME,END_TIME) values ('200172029607','THU','10:00','12:00');
Insert into ENROLMENT.CLASS_SCHEDULE_INFO (CLASS_ID,WEEK_DAY,START_TIME,END_TIME) values ('200172039608','THU','02:00','05:00');
Insert into ENROLMENT.CLASS_SCHEDULE_INFO (CLASS_ID,WEEK_DAY,START_TIME,END_TIME) values ('200172049609','WED','12:00','03:00');
Insert into ENROLMENT.CLASS_SCHEDULE_INFO (CLASS_ID,WEEK_DAY,START_TIME,END_TIME) values ('200172059610','TUE','12:00','03:00');
Insert into ENROLMENT.CLASS_SCHEDULE_INFO (CLASS_ID,WEEK_DAY,START_TIME,END_TIME) values ('200183019711','FRI','01:00','04:00');
Insert into ENROLMENT.CLASS_SCHEDULE_INFO (CLASS_ID,WEEK_DAY,START_TIME,END_TIME) values ('200183029712','MON','01:00','04:00');
Insert into ENROLMENT.CLASS_SCHEDULE_INFO (CLASS_ID,WEEK_DAY,START_TIME,END_TIME) values ('200183039713','THU','01:00','04:00');
Insert into ENROLMENT.CLASS_SCHEDULE_INFO (CLASS_ID,WEEK_DAY,START_TIME,END_TIME) values ('200183049714','TUE','10:00','01:00');
Insert into ENROLMENT.CLASS_SCHEDULE_INFO (CLASS_ID,WEEK_DAY,START_TIME,END_TIME) values ('200183059715','WED','09:00','12:00');
Insert into ENROLMENT.CLASS_SCHEDULE_INFO (CLASS_ID,WEEK_DAY,START_TIME,END_TIME) values ('200194019716','MON','11:00','02:00');
Insert into ENROLMENT.CLASS_SCHEDULE_INFO (CLASS_ID,WEEK_DAY,START_TIME,END_TIME) values ('200194029717','THU','09:00','12:00');
Insert into ENROLMENT.CLASS_SCHEDULE_INFO (CLASS_ID,WEEK_DAY,START_TIME,END_TIME) values ('200194039718','FRI','09:00','12:00');
Insert into ENROLMENT.CLASS_SCHEDULE_INFO (CLASS_ID,WEEK_DAY,START_TIME,END_TIME) values ('200194049719','TUE','03:00','05:00');
Insert into ENROLMENT.CLASS_SCHEDULE_INFO (CLASS_ID,WEEK_DAY,START_TIME,END_TIME) values ('200194059720','WED','01:00','04:00');
Insert into ENROLMENT.CLASS_SCHEDULE_INFO (CLASS_ID,WEEK_DAY,START_TIME,END_TIME) values ('190150019501','WED','11:00','02:00');
Insert into ENROLMENT.CLASS_SCHEDULE_INFO (CLASS_ID,WEEK_DAY,START_TIME,END_TIME) values ('190150039504','FRI','10:00','04:00');
Insert into ENROLMENT.CLASS_SCHEDULE_INFO (CLASS_ID,WEEK_DAY,START_TIME,END_TIME) values ('190150049505','MON','02:00','05:00');
Insert into ENROLMENT.CLASS_SCHEDULE_INFO (CLASS_ID,WEEK_DAY,START_TIME,END_TIME) values ('190161019601','MON','09:00','12:00');
Insert into ENROLMENT.CLASS_SCHEDULE_INFO (CLASS_ID,WEEK_DAY,START_TIME,END_TIME) values ('190172029607','THU','10:00','12:00');
Insert into ENROLMENT.CLASS_SCHEDULE_INFO (CLASS_ID,WEEK_DAY,START_TIME,END_TIME) values ('190150019501','MON','09:00','12:00');
Insert into ENROLMENT.CLASS_SCHEDULE_INFO (CLASS_ID,WEEK_DAY,START_TIME,END_TIME) values ('190250029503','THU','02:00','05:00');
Insert into ENROLMENT.CLASS_SCHEDULE_INFO (CLASS_ID,WEEK_DAY,START_TIME,END_TIME) values ('190250069508','TUE','12:00','03:00');
Insert into ENROLMENT.CLASS_SCHEDULE_INFO (CLASS_ID,WEEK_DAY,START_TIME,END_TIME) values ('190250079509','TUE','10:00','01:00');
Insert into ENROLMENT.CLASS_SCHEDULE_INFO (CLASS_ID,WEEK_DAY,START_TIME,END_TIME) values ('190250059507','FRI','09:00','12:00');
Insert into ENROLMENT.CLASS_SCHEDULE_INFO (CLASS_ID,WEEK_DAY,START_TIME,END_TIME) values ('190294059720','MON','09:00','12:00');
Insert into ENROLMENT.CLASS_SCHEDULE_INFO (CLASS_ID,WEEK_DAY,START_TIME,END_TIME) values ('190272019606','MON','03:00','06:00');
Insert into ENROLMENT.CLASS_SCHEDULE_INFO (CLASS_ID,WEEK_DAY,START_TIME,END_TIME) values ('190120019201','MON','10:00','01:00');
Insert into ENROLMENT.CLASS_SCHEDULE_INFO (CLASS_ID,WEEK_DAY,START_TIME,END_TIME) values ('190120029204','WED','03:00','06:00');
Insert into ENROLMENT.CLASS_SCHEDULE_INFO (CLASS_ID,WEEK_DAY,START_TIME,END_TIME) values ('190120039205','FRI','11:00','02:00');
Insert into ENROLMENT.CLASS_SCHEDULE_INFO (CLASS_ID,WEEK_DAY,START_TIME,END_TIME) values ('190120049206','MON','02:00','05:00');
Insert into ENROLMENT.CLASS_SCHEDULE_INFO (CLASS_ID,WEEK_DAY,START_TIME,END_TIME) values ('190161039604','TUE','03:00','06:00');
Insert into ENROLMENT.CLASS_SCHEDULE_INFO (CLASS_ID,WEEK_DAY,START_TIME,END_TIME) values ('190161049605','FRI','03:00','06:00');
Insert into ENROLMENT.CLASS_SCHEDULE_INFO (CLASS_ID,WEEK_DAY,START_TIME,END_TIME) values ('190130019301','MON','09:00','12:00');
Insert into ENROLMENT.CLASS_SCHEDULE_INFO (CLASS_ID,WEEK_DAY,START_TIME,END_TIME) values ('190130039305','MON','10:00','01:00');
Insert into ENROLMENT.CLASS_SCHEDULE_INFO (CLASS_ID,WEEK_DAY,START_TIME,END_TIME) values ('190130199326','WED','09:00','12:00');
Insert into ENROLMENT.CLASS_SCHEDULE_INFO (CLASS_ID,WEEK_DAY,START_TIME,END_TIME) values ('190130079311','TUE','09:00','12:00');
Insert into ENROLMENT.CLASS_SCHEDULE_INFO (CLASS_ID,WEEK_DAY,START_TIME,END_TIME) values ('190230049307','WED','09:00','12:00');
Insert into ENROLMENT.CLASS_SCHEDULE_INFO (CLASS_ID,WEEK_DAY,START_TIME,END_TIME) values ('190230109314','FRI','12:00','03:00');
Insert into ENROLMENT.CLASS_SCHEDULE_INFO (CLASS_ID,WEEK_DAY,START_TIME,END_TIME) values ('190230129317','WED','12:00','02:00');
Insert into ENROLMENT.CLASS_SCHEDULE_INFO (CLASS_ID,WEEK_DAY,START_TIME,END_TIME) values ('190230189325','TUE','10:00','01:00');
Insert into ENROLMENT.CLASS_SCHEDULE_INFO (CLASS_ID,WEEK_DAY,START_TIME,END_TIME) values ('190294049719','TUE','03:00','05:00');
Insert into ENROLMENT.CLASS_SCHEDULE_INFO (CLASS_ID,WEEK_DAY,START_TIME,END_TIME) values ('190261029602','WED','04:00','05:00');
Insert into ENROLMENT.CLASS_SCHEDULE_INFO (CLASS_ID,WEEK_DAY,START_TIME,END_TIME) values ('190220099212','FRI','12:00','03:00');
Insert into ENROLMENT.CLASS_SCHEDULE_INFO (CLASS_ID,WEEK_DAY,START_TIME,END_TIME) values ('190220069207','TUE','04:00','07:00');
Insert into ENROLMENT.CLASS_SCHEDULE_INFO (CLASS_ID,WEEK_DAY,START_TIME,END_TIME) values ('190220079209','WED','12:00','03:00');
Insert into ENROLMENT.CLASS_SCHEDULE_INFO (CLASS_ID,WEEK_DAY,START_TIME,END_TIME) values ('190261019601','MON','09:00','12:00');
Insert into ENROLMENT.CLASS_SCHEDULE_INFO (CLASS_ID,WEEK_DAY,START_TIME,END_TIME) values ('190110029102','MON','09:00','12:00');
Insert into ENROLMENT.CLASS_SCHEDULE_INFO (CLASS_ID,WEEK_DAY,START_TIME,END_TIME) values ('190110129105','MON','03:00','06:00');
Insert into ENROLMENT.CLASS_SCHEDULE_INFO (CLASS_ID,WEEK_DAY,START_TIME,END_TIME) values ('190110119104','TUE','10:00','01:00');
Insert into ENROLMENT.CLASS_SCHEDULE_INFO (CLASS_ID,WEEK_DAY,START_TIME,END_TIME) values ('190110059105','WED','10:00','01:00');
Insert into ENROLMENT.CLASS_SCHEDULE_INFO (CLASS_ID,WEEK_DAY,START_TIME,END_TIME) values ('190110099101','THU','10:00','01:00');
Insert into ENROLMENT.CLASS_SCHEDULE_INFO (CLASS_ID,WEEK_DAY,START_TIME,END_TIME) values ('190210049104','MON','12:00','03:00');
Insert into ENROLMENT.CLASS_SCHEDULE_INFO (CLASS_ID,WEEK_DAY,START_TIME,END_TIME) values ('190283059715','WED','09:00','12:00');
Insert into ENROLMENT.CLASS_SCHEDULE_INFO (CLASS_ID,WEEK_DAY,START_TIME,END_TIME) values ('190210019101','WED','01:00','04:00');
Insert into ENROLMENT.CLASS_SCHEDULE_INFO (CLASS_ID,WEEK_DAY,START_TIME,END_TIME) values ('190294029717','THU','09:00','12:00');
Insert into ENROLMENT.CLASS_SCHEDULE_INFO (CLASS_ID,WEEK_DAY,START_TIME,END_TIME) values ('190210139106','THU','02:00','05:00');
Insert into ENROLMENT.CLASS_SCHEDULE_INFO (CLASS_ID,WEEK_DAY,START_TIME,END_TIME) values ('190210149111','FRI','03:00','06:00');
Insert into ENROLMENT.CLASS_SCHEDULE_INFO (CLASS_ID,WEEK_DAY,START_TIME,END_TIME) values ('190140019401','TUE','09:00','01:00');
Insert into ENROLMENT.CLASS_SCHEDULE_INFO (CLASS_ID,WEEK_DAY,START_TIME,END_TIME) values ('190140069405','THU','12:00','03:00');
Insert into ENROLMENT.CLASS_SCHEDULE_INFO (CLASS_ID,WEEK_DAY,START_TIME,END_TIME) values ('190140099402','THU','10:00','02:00');
Insert into ENROLMENT.CLASS_SCHEDULE_INFO (CLASS_ID,WEEK_DAY,START_TIME,END_TIME) values ('190172039608','THU','02:00','05:00');
Insert into ENROLMENT.CLASS_SCHEDULE_INFO (CLASS_ID,WEEK_DAY,START_TIME,END_TIME) values ('190140029402','MON','10:00','01:00');
Insert into ENROLMENT.CLASS_SCHEDULE_INFO (CLASS_ID,WEEK_DAY,START_TIME,END_TIME) values ('190140059404','FRI','10:00','01:00');
Insert into ENROLMENT.CLASS_SCHEDULE_INFO (CLASS_ID,WEEK_DAY,START_TIME,END_TIME) values ('190140169412','WED','02:00','05:00');
Insert into ENROLMENT.CLASS_SCHEDULE_INFO (CLASS_ID,WEEK_DAY,START_TIME,END_TIME) values ('190183039713','THU','01:00','04:00');
Insert into ENROLMENT.CLASS_SCHEDULE_INFO (CLASS_ID,WEEK_DAY,START_TIME,END_TIME) values ('190183049714','TUE','10:00','01:00');
Insert into ENROLMENT.CLASS_SCHEDULE_INFO (CLASS_ID,WEEK_DAY,START_TIME,END_TIME) values ('190140119408','MON','12:00','03:00');
Insert into ENROLMENT.CLASS_SCHEDULE_INFO (CLASS_ID,WEEK_DAY,START_TIME,END_TIME) values ('190161029603','FRI','11:00','02:00');
Insert into ENROLMENT.CLASS_SCHEDULE_INFO (CLASS_ID,WEEK_DAY,START_TIME,END_TIME) values ('190140079405','WED','09:00','01:00');
Insert into ENROLMENT.CLASS_SCHEDULE_INFO (CLASS_ID,WEEK_DAY,START_TIME,END_TIME) values ('190172059610','TUE','12:00','03:00');
Insert into ENROLMENT.CLASS_SCHEDULE_INFO (CLASS_ID,WEEK_DAY,START_TIME,END_TIME) values ('190194039718','FRI','09:00','12:00');
Insert into ENROLMENT.CLASS_SCHEDULE_INFO (CLASS_ID,WEEK_DAY,START_TIME,END_TIME) values ('190140039403','WED','11:00','02:00');
Insert into ENROLMENT.CLASS_SCHEDULE_INFO (CLASS_ID,WEEK_DAY,START_TIME,END_TIME) values ('190140109407','FRI','10:00','01:00');
Insert into ENROLMENT.CLASS_SCHEDULE_INFO (CLASS_ID,WEEK_DAY,START_TIME,END_TIME) values ('190140149411','MON','03:00','06:00');
Insert into ENROLMENT.CLASS_SCHEDULE_INFO (CLASS_ID,WEEK_DAY,START_TIME,END_TIME) values ('190140159406','THU','02:00','05:00');
Insert into ENROLMENT.CLASS_SCHEDULE_INFO (CLASS_ID,WEEK_DAY,START_TIME,END_TIME) values ('190194049719','TUE','03:00','05:00');
Insert into ENROLMENT.CLASS_SCHEDULE_INFO (CLASS_ID,WEEK_DAY,START_TIME,END_TIME) values ('190240029402','MON','10:00','01:00');
Insert into ENROLMENT.CLASS_SCHEDULE_INFO (CLASS_ID,WEEK_DAY,START_TIME,END_TIME) values ('190240059404','FRI','10:00','01:00');
Insert into ENROLMENT.CLASS_SCHEDULE_INFO (CLASS_ID,WEEK_DAY,START_TIME,END_TIME) values ('190240169412','WED','02:00','05:00');
Insert into ENROLMENT.CLASS_SCHEDULE_INFO (CLASS_ID,WEEK_DAY,START_TIME,END_TIME) values ('190283049714','TUE','10:00','01:00');
Insert into ENROLMENT.CLASS_SCHEDULE_INFO (CLASS_ID,WEEK_DAY,START_TIME,END_TIME) values ('190240019401','TUE','09:00','01:00');
Insert into ENROLMENT.CLASS_SCHEDULE_INFO (CLASS_ID,WEEK_DAY,START_TIME,END_TIME) values ('190240099402','THU','10:00','02:00');
Insert into ENROLMENT.CLASS_SCHEDULE_INFO (CLASS_ID,WEEK_DAY,START_TIME,END_TIME) values ('190240119408','MON','12:00','03:00');
Insert into ENROLMENT.CLASS_SCHEDULE_INFO (CLASS_ID,WEEK_DAY,START_TIME,END_TIME) values ('190294039718','FRI','09:00','12:00');
Insert into ENROLMENT.CLASS_SCHEDULE_INFO (CLASS_ID,WEEK_DAY,START_TIME,END_TIME) values ('190240039403','WED','11:00','02:00');
Insert into ENROLMENT.CLASS_SCHEDULE_INFO (CLASS_ID,WEEK_DAY,START_TIME,END_TIME) values ('190240149411','MON','03:00','06:00');
Insert into ENROLMENT.CLASS_SCHEDULE_INFO (CLASS_ID,WEEK_DAY,START_TIME,END_TIME) values ('190272029607','THU','10:00','12:00');
Insert into ENROLMENT.CLASS_SCHEDULE_INFO (CLASS_ID,WEEK_DAY,START_TIME,END_TIME) values ('190240109407','FRI','10:00','01:00');
Insert into ENROLMENT.CLASS_SCHEDULE_INFO (CLASS_ID,WEEK_DAY,START_TIME,END_TIME) values ('190240159406','THU','02:00','05:00');
Insert into ENROLMENT.CLASS_SCHEDULE_INFO (CLASS_ID,WEEK_DAY,START_TIME,END_TIME) values ('190261029603','FRI','11:00','02:00');
Insert into ENROLMENT.CLASS_SCHEDULE_INFO (CLASS_ID,WEEK_DAY,START_TIME,END_TIME) values ('190272039608','THU','02:00','05:00');
Insert into ENROLMENT.CLASS_SCHEDULE_INFO (CLASS_ID,WEEK_DAY,START_TIME,END_TIME) values ('190240079405','WED','09:00','01:00');
Insert into ENROLMENT.CLASS_SCHEDULE_INFO (CLASS_ID,WEEK_DAY,START_TIME,END_TIME) values ('190272059610','TUE','12:00','03:00');

--------------------------------------------------------------------------------------------------------------------------------------------------------------------------------------------------------------
-- Class_Request(수강목록)

drop table class_request;
create table class_request(
    id number,
    class_id varchar2(15),
    student_id varchar2(20),
    constraint class_request_pk primary key(id),
    constraint class_request_class_fk foreign key(class_id)  references class_info(class_id),
    constraint class_request_student_fk foreign key(student_id)  references student_info(student_id)	
);

Insert into ENROLMENT.CLASS_REQUEST (CLASS_ID,STUDENT_ID) values ('190150019501','2019249663');
Insert into ENROLMENT.CLASS_REQUEST (CLASS_ID,STUDENT_ID) values ('190150039504','2019249663');
Insert into ENROLMENT.CLASS_REQUEST (CLASS_ID,STUDENT_ID) values ('190150049505','2019249663');
Insert into ENROLMENT.CLASS_REQUEST (CLASS_ID,STUDENT_ID) values ('190161019601','2019249663');
Insert into ENROLMENT.CLASS_REQUEST (CLASS_ID,STUDENT_ID) values ('190172029607','2019249663');
Insert into ENROLMENT.CLASS_REQUEST (CLASS_ID,STUDENT_ID) values ('190150019501','2019311009');
Insert into ENROLMENT.CLASS_REQUEST (CLASS_ID,STUDENT_ID) values ('190150039504','2019311009');
Insert into ENROLMENT.CLASS_REQUEST (CLASS_ID,STUDENT_ID) values ('190150049505','2019311009');
Insert into ENROLMENT.CLASS_REQUEST (CLASS_ID,STUDENT_ID) values ('190161019601','2019311009');
Insert into ENROLMENT.CLASS_REQUEST (CLASS_ID,STUDENT_ID) values ('190172029607','2019311009');
Insert into ENROLMENT.CLASS_REQUEST (CLASS_ID,STUDENT_ID) values ('190150019501','2019351350');
Insert into ENROLMENT.CLASS_REQUEST (CLASS_ID,STUDENT_ID) values ('190150039504','2019351350');
Insert into ENROLMENT.CLASS_REQUEST (CLASS_ID,STUDENT_ID) values ('190150049505','2019351350');
Insert into ENROLMENT.CLASS_REQUEST (CLASS_ID,STUDENT_ID) values ('190161019601','2019351350');
Insert into ENROLMENT.CLASS_REQUEST (CLASS_ID,STUDENT_ID) values ('190172029607','2019351350');
Insert into ENROLMENT.CLASS_REQUEST (CLASS_ID,STUDENT_ID) values ('190150019501','2019421041');
Insert into ENROLMENT.CLASS_REQUEST (CLASS_ID,STUDENT_ID) values ('190150039504','2019421041');
Insert into ENROLMENT.CLASS_REQUEST (CLASS_ID,STUDENT_ID) values ('190150049505','2019421041');
Insert into ENROLMENT.CLASS_REQUEST (CLASS_ID,STUDENT_ID) values ('190161019601','2019421041');
Insert into ENROLMENT.CLASS_REQUEST (CLASS_ID,STUDENT_ID) values ('190172029607','2019421041');
Insert into ENROLMENT.CLASS_REQUEST (CLASS_ID,STUDENT_ID) values ('190150019501','2019520272');
Insert into ENROLMENT.CLASS_REQUEST (CLASS_ID,STUDENT_ID) values ('190150039504','2019520272');
Insert into ENROLMENT.CLASS_REQUEST (CLASS_ID,STUDENT_ID) values ('190150049505','2019520272');
Insert into ENROLMENT.CLASS_REQUEST (CLASS_ID,STUDENT_ID) values ('190161019601','2019520272');
Insert into ENROLMENT.CLASS_REQUEST (CLASS_ID,STUDENT_ID) values ('190172029607','2019520272');
Insert into ENROLMENT.CLASS_REQUEST (CLASS_ID,STUDENT_ID) values ('190150019501','2019521551');
Insert into ENROLMENT.CLASS_REQUEST (CLASS_ID,STUDENT_ID) values ('190150039504','2019521551');
Insert into ENROLMENT.CLASS_REQUEST (CLASS_ID,STUDENT_ID) values ('190150049505','2019521551');
Insert into ENROLMENT.CLASS_REQUEST (CLASS_ID,STUDENT_ID) values ('190161019601','2019521551');
Insert into ENROLMENT.CLASS_REQUEST (CLASS_ID,STUDENT_ID) values ('190172029607','2019521551');
Insert into ENROLMENT.CLASS_REQUEST (CLASS_ID,STUDENT_ID) values ('190150019501','2019846665');
Insert into ENROLMENT.CLASS_REQUEST (CLASS_ID,STUDENT_ID) values ('190150039504','2019846665');
Insert into ENROLMENT.CLASS_REQUEST (CLASS_ID,STUDENT_ID) values ('190150049505','2019846665');
Insert into ENROLMENT.CLASS_REQUEST (CLASS_ID,STUDENT_ID) values ('190161019601','2019846665');
Insert into ENROLMENT.CLASS_REQUEST (CLASS_ID,STUDENT_ID) values ('190172029607','2019846665');
Insert into ENROLMENT.CLASS_REQUEST (CLASS_ID,STUDENT_ID) values ('190150019501','2019980408');
Insert into ENROLMENT.CLASS_REQUEST (CLASS_ID,STUDENT_ID) values ('190150039504','2019980408');
Insert into ENROLMENT.CLASS_REQUEST (CLASS_ID,STUDENT_ID) values ('190150049505','2019980408');
Insert into ENROLMENT.CLASS_REQUEST (CLASS_ID,STUDENT_ID) values ('190161019601','2019980408');
Insert into ENROLMENT.CLASS_REQUEST (CLASS_ID,STUDENT_ID) values ('190172029607','2019980408');
Insert into ENROLMENT.CLASS_REQUEST (CLASS_ID,STUDENT_ID) values ('190150019501','2019985158');
Insert into ENROLMENT.CLASS_REQUEST (CLASS_ID,STUDENT_ID) values ('190150039504','2019985158');
Insert into ENROLMENT.CLASS_REQUEST (CLASS_ID,STUDENT_ID) values ('190150049505','2019985158');
Insert into ENROLMENT.CLASS_REQUEST (CLASS_ID,STUDENT_ID) values ('190161019601','2019985158');
Insert into ENROLMENT.CLASS_REQUEST (CLASS_ID,STUDENT_ID) values ('190172029607','2019985158');
Insert into ENROLMENT.CLASS_REQUEST (CLASS_ID,STUDENT_ID) values ('190250029503','2019249663');
Insert into ENROLMENT.CLASS_REQUEST (CLASS_ID,STUDENT_ID) values ('190250069508','2019249663');
Insert into ENROLMENT.CLASS_REQUEST (CLASS_ID,STUDENT_ID) values ('190250079509','2019249663');
Insert into ENROLMENT.CLASS_REQUEST (CLASS_ID,STUDENT_ID) values ('190250059507','2019249663');
Insert into ENROLMENT.CLASS_REQUEST (CLASS_ID,STUDENT_ID) values ('190294059720','2019249663');
Insert into ENROLMENT.CLASS_REQUEST (CLASS_ID,STUDENT_ID) values ('190272019606','2019249663');
Insert into ENROLMENT.CLASS_REQUEST (CLASS_ID,STUDENT_ID) values ('190250029503','2019311009');
Insert into ENROLMENT.CLASS_REQUEST (CLASS_ID,STUDENT_ID) values ('190250069508','2019311009');
Insert into ENROLMENT.CLASS_REQUEST (CLASS_ID,STUDENT_ID) values ('190250079509','2019311009');
Insert into ENROLMENT.CLASS_REQUEST (CLASS_ID,STUDENT_ID) values ('190250059507','2019311009');
Insert into ENROLMENT.CLASS_REQUEST (CLASS_ID,STUDENT_ID) values ('190294059720','2019311009');
Insert into ENROLMENT.CLASS_REQUEST (CLASS_ID,STUDENT_ID) values ('190272019606','2019311009');
Insert into ENROLMENT.CLASS_REQUEST (CLASS_ID,STUDENT_ID) values ('190250029503','2019351350');
Insert into ENROLMENT.CLASS_REQUEST (CLASS_ID,STUDENT_ID) values ('190250069508','2019351350');
Insert into ENROLMENT.CLASS_REQUEST (CLASS_ID,STUDENT_ID) values ('190250079509','2019351350');
Insert into ENROLMENT.CLASS_REQUEST (CLASS_ID,STUDENT_ID) values ('190250059507','2019351350');
Insert into ENROLMENT.CLASS_REQUEST (CLASS_ID,STUDENT_ID) values ('190294059720','2019351350');
Insert into ENROLMENT.CLASS_REQUEST (CLASS_ID,STUDENT_ID) values ('190272019606','2019351350');
Insert into ENROLMENT.CLASS_REQUEST (CLASS_ID,STUDENT_ID) values ('190250029503','2019421041');
Insert into ENROLMENT.CLASS_REQUEST (CLASS_ID,STUDENT_ID) values ('190250069508','2019421041');
Insert into ENROLMENT.CLASS_REQUEST (CLASS_ID,STUDENT_ID) values ('190250079509','2019421041');
Insert into ENROLMENT.CLASS_REQUEST (CLASS_ID,STUDENT_ID) values ('190250059507','2019421041');
Insert into ENROLMENT.CLASS_REQUEST (CLASS_ID,STUDENT_ID) values ('190294059720','2019421041');
Insert into ENROLMENT.CLASS_REQUEST (CLASS_ID,STUDENT_ID) values ('190272019606','2019421041');
Insert into ENROLMENT.CLASS_REQUEST (CLASS_ID,STUDENT_ID) values ('190250029503','2019520272');
Insert into ENROLMENT.CLASS_REQUEST (CLASS_ID,STUDENT_ID) values ('190250069508','2019520272');
Insert into ENROLMENT.CLASS_REQUEST (CLASS_ID,STUDENT_ID) values ('190250079509','2019520272');
Insert into ENROLMENT.CLASS_REQUEST (CLASS_ID,STUDENT_ID) values ('190250059507','2019520272');
Insert into ENROLMENT.CLASS_REQUEST (CLASS_ID,STUDENT_ID) values ('190294059720','2019520272');
Insert into ENROLMENT.CLASS_REQUEST (CLASS_ID,STUDENT_ID) values ('190272019606','2019520272');
Insert into ENROLMENT.CLASS_REQUEST (CLASS_ID,STUDENT_ID) values ('190250029503','2019521551');
Insert into ENROLMENT.CLASS_REQUEST (CLASS_ID,STUDENT_ID) values ('190250069508','2019521551');
Insert into ENROLMENT.CLASS_REQUEST (CLASS_ID,STUDENT_ID) values ('190250079509','2019521551');
Insert into ENROLMENT.CLASS_REQUEST (CLASS_ID,STUDENT_ID) values ('190250059507','2019521551');
Insert into ENROLMENT.CLASS_REQUEST (CLASS_ID,STUDENT_ID) values ('190294059720','2019521551');
Insert into ENROLMENT.CLASS_REQUEST (CLASS_ID,STUDENT_ID) values ('190272019606','2019521551');
Insert into ENROLMENT.CLASS_REQUEST (CLASS_ID,STUDENT_ID) values ('190250029503','2019846665');
Insert into ENROLMENT.CLASS_REQUEST (CLASS_ID,STUDENT_ID) values ('190250069508','2019846665');
Insert into ENROLMENT.CLASS_REQUEST (CLASS_ID,STUDENT_ID) values ('190250079509','2019846665');
Insert into ENROLMENT.CLASS_REQUEST (CLASS_ID,STUDENT_ID) values ('190250059507','2019846665');
Insert into ENROLMENT.CLASS_REQUEST (CLASS_ID,STUDENT_ID) values ('190294059720','2019846665');
Insert into ENROLMENT.CLASS_REQUEST (CLASS_ID,STUDENT_ID) values ('190272019606','2019846665');
Insert into ENROLMENT.CLASS_REQUEST (CLASS_ID,STUDENT_ID) values ('190250029503','2019980408');
Insert into ENROLMENT.CLASS_REQUEST (CLASS_ID,STUDENT_ID) values ('190250069508','2019980408');
Insert into ENROLMENT.CLASS_REQUEST (CLASS_ID,STUDENT_ID) values ('190250079509','2019980408');
Insert into ENROLMENT.CLASS_REQUEST (CLASS_ID,STUDENT_ID) values ('190250059507','2019980408');
Insert into ENROLMENT.CLASS_REQUEST (CLASS_ID,STUDENT_ID) values ('190294059720','2019980408');
Insert into ENROLMENT.CLASS_REQUEST (CLASS_ID,STUDENT_ID) values ('190272019606','2019980408');
Insert into ENROLMENT.CLASS_REQUEST (CLASS_ID,STUDENT_ID) values ('190250029503','2019985158');
Insert into ENROLMENT.CLASS_REQUEST (CLASS_ID,STUDENT_ID) values ('190250069508','2019985158');
Insert into ENROLMENT.CLASS_REQUEST (CLASS_ID,STUDENT_ID) values ('190250079509','2019985158');
Insert into ENROLMENT.CLASS_REQUEST (CLASS_ID,STUDENT_ID) values ('190250059507','2019985158');
Insert into ENROLMENT.CLASS_REQUEST (CLASS_ID,STUDENT_ID) values ('190294059720','2019985158');
Insert into ENROLMENT.CLASS_REQUEST (CLASS_ID,STUDENT_ID) values ('190272019606','2019985158');
Insert into ENROLMENT.CLASS_REQUEST (CLASS_ID,STUDENT_ID) values ('190120019201','2019292753');
Insert into ENROLMENT.CLASS_REQUEST (CLASS_ID,STUDENT_ID) values ('190120029204','2019292753');
Insert into ENROLMENT.CLASS_REQUEST (CLASS_ID,STUDENT_ID) values ('190120039205','2019292753');
Insert into ENROLMENT.CLASS_REQUEST (CLASS_ID,STUDENT_ID) values ('190120049206','2019292753');
Insert into ENROLMENT.CLASS_REQUEST (CLASS_ID,STUDENT_ID) values ('190161039604','2019292753');
Insert into ENROLMENT.CLASS_REQUEST (CLASS_ID,STUDENT_ID) values ('190161049605','2019292753');
Insert into ENROLMENT.CLASS_REQUEST (CLASS_ID,STUDENT_ID) values ('190130019301','2019759616');
Insert into ENROLMENT.CLASS_REQUEST (CLASS_ID,STUDENT_ID) values ('190130039305','2019759616');
Insert into ENROLMENT.CLASS_REQUEST (CLASS_ID,STUDENT_ID) values ('190130199326','2019759616');
Insert into ENROLMENT.CLASS_REQUEST (CLASS_ID,STUDENT_ID) values ('190130079311','2019759616');
Insert into ENROLMENT.CLASS_REQUEST (CLASS_ID,STUDENT_ID) values ('190161039604','2019759616');
Insert into ENROLMENT.CLASS_REQUEST (CLASS_ID,STUDENT_ID) values ('190161049605','2019759616');
Insert into ENROLMENT.CLASS_REQUEST (CLASS_ID,STUDENT_ID) values ('190230049307','2019759616');
Insert into ENROLMENT.CLASS_REQUEST (CLASS_ID,STUDENT_ID) values ('190230109314','2019759616');
Insert into ENROLMENT.CLASS_REQUEST (CLASS_ID,STUDENT_ID) values ('190230129317','2019759616');
Insert into ENROLMENT.CLASS_REQUEST (CLASS_ID,STUDENT_ID) values ('190230189325','2019759616');
Insert into ENROLMENT.CLASS_REQUEST (CLASS_ID,STUDENT_ID) values ('190294059720','2019759616');
Insert into ENROLMENT.CLASS_REQUEST (CLASS_ID,STUDENT_ID) values ('190294049719','2019759616');
Insert into ENROLMENT.CLASS_REQUEST (CLASS_ID,STUDENT_ID) values ('190261029602','2019759616');
Insert into ENROLMENT.CLASS_REQUEST (CLASS_ID,STUDENT_ID) values ('190130019301','2019552020');
Insert into ENROLMENT.CLASS_REQUEST (CLASS_ID,STUDENT_ID) values ('190130039305','2019552020');
Insert into ENROLMENT.CLASS_REQUEST (CLASS_ID,STUDENT_ID) values ('190130199326','2019552020');
Insert into ENROLMENT.CLASS_REQUEST (CLASS_ID,STUDENT_ID) values ('190130079311','2019552020');
Insert into ENROLMENT.CLASS_REQUEST (CLASS_ID,STUDENT_ID) values ('190161039604','2019552020');
Insert into ENROLMENT.CLASS_REQUEST (CLASS_ID,STUDENT_ID) values ('190161049605','2019552020');
Insert into ENROLMENT.CLASS_REQUEST (CLASS_ID,STUDENT_ID) values ('190230049307','2019552020');
Insert into ENROLMENT.CLASS_REQUEST (CLASS_ID,STUDENT_ID) values ('190230109314','2019552020');
Insert into ENROLMENT.CLASS_REQUEST (CLASS_ID,STUDENT_ID) values ('190230129317','2019552020');
Insert into ENROLMENT.CLASS_REQUEST (CLASS_ID,STUDENT_ID) values ('190230189325','2019552020');
Insert into ENROLMENT.CLASS_REQUEST (CLASS_ID,STUDENT_ID) values ('190294059720','2019552020');
Insert into ENROLMENT.CLASS_REQUEST (CLASS_ID,STUDENT_ID) values ('190294049719','2019552020');
Insert into ENROLMENT.CLASS_REQUEST (CLASS_ID,STUDENT_ID) values ('190261029602','2019552020');
Insert into ENROLMENT.CLASS_REQUEST (CLASS_ID,STUDENT_ID) values ('190130019301','2019248745');
Insert into ENROLMENT.CLASS_REQUEST (CLASS_ID,STUDENT_ID) values ('190130039305','2019248745');
Insert into ENROLMENT.CLASS_REQUEST (CLASS_ID,STUDENT_ID) values ('190130199326','2019248745');
Insert into ENROLMENT.CLASS_REQUEST (CLASS_ID,STUDENT_ID) values ('190130079311','2019248745');
Insert into ENROLMENT.CLASS_REQUEST (CLASS_ID,STUDENT_ID) values ('190161039604','2019248745');
Insert into ENROLMENT.CLASS_REQUEST (CLASS_ID,STUDENT_ID) values ('190161049605','2019248745');
Insert into ENROLMENT.CLASS_REQUEST (CLASS_ID,STUDENT_ID) values ('190230049307','2019248745');
Insert into ENROLMENT.CLASS_REQUEST (CLASS_ID,STUDENT_ID) values ('190230109314','2019248745');
Insert into ENROLMENT.CLASS_REQUEST (CLASS_ID,STUDENT_ID) values ('190230129317','2019248745');
Insert into ENROLMENT.CLASS_REQUEST (CLASS_ID,STUDENT_ID) values ('190230189325','2019248745');
Insert into ENROLMENT.CLASS_REQUEST (CLASS_ID,STUDENT_ID) values ('190294059720','2019248745');
Insert into ENROLMENT.CLASS_REQUEST (CLASS_ID,STUDENT_ID) values ('190294049719','2019248745');
Insert into ENROLMENT.CLASS_REQUEST (CLASS_ID,STUDENT_ID) values ('190261029602','2019248745');
Insert into ENROLMENT.CLASS_REQUEST (CLASS_ID,STUDENT_ID) values ('190130019301','2019244943');
Insert into ENROLMENT.CLASS_REQUEST (CLASS_ID,STUDENT_ID) values ('190130039305','2019244943');
Insert into ENROLMENT.CLASS_REQUEST (CLASS_ID,STUDENT_ID) values ('190130199326','2019244943');
Insert into ENROLMENT.CLASS_REQUEST (CLASS_ID,STUDENT_ID) values ('190130079311','2019244943');
Insert into ENROLMENT.CLASS_REQUEST (CLASS_ID,STUDENT_ID) values ('190161039604','2019244943');
Insert into ENROLMENT.CLASS_REQUEST (CLASS_ID,STUDENT_ID) values ('190161049605','2019244943');
Insert into ENROLMENT.CLASS_REQUEST (CLASS_ID,STUDENT_ID) values ('190230049307','2019244943');
Insert into ENROLMENT.CLASS_REQUEST (CLASS_ID,STUDENT_ID) values ('190230109314','2019244943');
Insert into ENROLMENT.CLASS_REQUEST (CLASS_ID,STUDENT_ID) values ('190230129317','2019244943');
Insert into ENROLMENT.CLASS_REQUEST (CLASS_ID,STUDENT_ID) values ('190230189325','2019244943');
Insert into ENROLMENT.CLASS_REQUEST (CLASS_ID,STUDENT_ID) values ('190294059720','2019244943');
Insert into ENROLMENT.CLASS_REQUEST (CLASS_ID,STUDENT_ID) values ('190294049719','2019244943');
Insert into ENROLMENT.CLASS_REQUEST (CLASS_ID,STUDENT_ID) values ('190261029602','2019244943');
Insert into ENROLMENT.CLASS_REQUEST (CLASS_ID,STUDENT_ID) values ('190130019301','2019227511');
Insert into ENROLMENT.CLASS_REQUEST (CLASS_ID,STUDENT_ID) values ('190130039305','2019227511');
Insert into ENROLMENT.CLASS_REQUEST (CLASS_ID,STUDENT_ID) values ('190130199326','2019227511');
Insert into ENROLMENT.CLASS_REQUEST (CLASS_ID,STUDENT_ID) values ('190130079311','2019227511');
Insert into ENROLMENT.CLASS_REQUEST (CLASS_ID,STUDENT_ID) values ('190161039604','2019227511');
Insert into ENROLMENT.CLASS_REQUEST (CLASS_ID,STUDENT_ID) values ('190161049605','2019227511');
Insert into ENROLMENT.CLASS_REQUEST (CLASS_ID,STUDENT_ID) values ('190230049307','2019227511');
Insert into ENROLMENT.CLASS_REQUEST (CLASS_ID,STUDENT_ID) values ('190230109314','2019227511');
Insert into ENROLMENT.CLASS_REQUEST (CLASS_ID,STUDENT_ID) values ('190230129317','2019227511');
Insert into ENROLMENT.CLASS_REQUEST (CLASS_ID,STUDENT_ID) values ('190230189325','2019227511');
Insert into ENROLMENT.CLASS_REQUEST (CLASS_ID,STUDENT_ID) values ('190294059720','2019227511');
Insert into ENROLMENT.CLASS_REQUEST (CLASS_ID,STUDENT_ID) values ('190294049719','2019227511');
Insert into ENROLMENT.CLASS_REQUEST (CLASS_ID,STUDENT_ID) values ('190261029602','2019227511');
Insert into ENROLMENT.CLASS_REQUEST (CLASS_ID,STUDENT_ID) values ('190120019201','2019537335');
Insert into ENROLMENT.CLASS_REQUEST (CLASS_ID,STUDENT_ID) values ('190120029204','2019537335');
Insert into ENROLMENT.CLASS_REQUEST (CLASS_ID,STUDENT_ID) values ('190120039205','2019537335');
Insert into ENROLMENT.CLASS_REQUEST (CLASS_ID,STUDENT_ID) values ('190120049206','2019537335');
Insert into ENROLMENT.CLASS_REQUEST (CLASS_ID,STUDENT_ID) values ('190161039604','2019537335');
Insert into ENROLMENT.CLASS_REQUEST (CLASS_ID,STUDENT_ID) values ('190161049605','2019537335');
Insert into ENROLMENT.CLASS_REQUEST (CLASS_ID,STUDENT_ID) values ('190120019201','2019309909');
Insert into ENROLMENT.CLASS_REQUEST (CLASS_ID,STUDENT_ID) values ('190120029204','2019309909');
Insert into ENROLMENT.CLASS_REQUEST (CLASS_ID,STUDENT_ID) values ('190120039205','2019309909');
Insert into ENROLMENT.CLASS_REQUEST (CLASS_ID,STUDENT_ID) values ('190120049206','2019309909');
Insert into ENROLMENT.CLASS_REQUEST (CLASS_ID,STUDENT_ID) values ('190161039604','2019309909');
Insert into ENROLMENT.CLASS_REQUEST (CLASS_ID,STUDENT_ID) values ('190161049605','2019309909');
Insert into ENROLMENT.CLASS_REQUEST (CLASS_ID,STUDENT_ID) values ('190120019201','2019768543');
Insert into ENROLMENT.CLASS_REQUEST (CLASS_ID,STUDENT_ID) values ('190120029204','2019768543');
Insert into ENROLMENT.CLASS_REQUEST (CLASS_ID,STUDENT_ID) values ('190120039205','2019768543');
Insert into ENROLMENT.CLASS_REQUEST (CLASS_ID,STUDENT_ID) values ('190120049206','2019768543');
Insert into ENROLMENT.CLASS_REQUEST (CLASS_ID,STUDENT_ID) values ('190161039604','2019768543');
Insert into ENROLMENT.CLASS_REQUEST (CLASS_ID,STUDENT_ID) values ('190161049605','2019768543');
Insert into ENROLMENT.CLASS_REQUEST (CLASS_ID,STUDENT_ID) values ('190120019201','2019641872');
Insert into ENROLMENT.CLASS_REQUEST (CLASS_ID,STUDENT_ID) values ('190120029204','2019641872');
Insert into ENROLMENT.CLASS_REQUEST (CLASS_ID,STUDENT_ID) values ('190120039205','2019641872');
Insert into ENROLMENT.CLASS_REQUEST (CLASS_ID,STUDENT_ID) values ('190120049206','2019641872');
Insert into ENROLMENT.CLASS_REQUEST (CLASS_ID,STUDENT_ID) values ('190161039604','2019641872');
Insert into ENROLMENT.CLASS_REQUEST (CLASS_ID,STUDENT_ID) values ('190161049605','2019641872');
Insert into ENROLMENT.CLASS_REQUEST (CLASS_ID,STUDENT_ID) values ('190220099212','2019292753');
Insert into ENROLMENT.CLASS_REQUEST (CLASS_ID,STUDENT_ID) values ('190220069207','2019292753');
Insert into ENROLMENT.CLASS_REQUEST (CLASS_ID,STUDENT_ID) values ('190220079209','2019292753');
Insert into ENROLMENT.CLASS_REQUEST (CLASS_ID,STUDENT_ID) values ('190261019601','2019292753');
Insert into ENROLMENT.CLASS_REQUEST (CLASS_ID,STUDENT_ID) values ('190261029602','2019292753');
Insert into ENROLMENT.CLASS_REQUEST (CLASS_ID,STUDENT_ID) values ('190220099212','2019537335');
Insert into ENROLMENT.CLASS_REQUEST (CLASS_ID,STUDENT_ID) values ('190220069207','2019537335');
Insert into ENROLMENT.CLASS_REQUEST (CLASS_ID,STUDENT_ID) values ('190220079209','2019537335');
Insert into ENROLMENT.CLASS_REQUEST (CLASS_ID,STUDENT_ID) values ('190261019601','2019537335');
Insert into ENROLMENT.CLASS_REQUEST (CLASS_ID,STUDENT_ID) values ('190261029602','2019537335');
Insert into ENROLMENT.CLASS_REQUEST (CLASS_ID,STUDENT_ID) values ('190220099212','2019309909');
Insert into ENROLMENT.CLASS_REQUEST (CLASS_ID,STUDENT_ID) values ('190220069207','2019309909');
Insert into ENROLMENT.CLASS_REQUEST (CLASS_ID,STUDENT_ID) values ('190220079209','2019309909');
Insert into ENROLMENT.CLASS_REQUEST (CLASS_ID,STUDENT_ID) values ('190261019601','2019309909');
Insert into ENROLMENT.CLASS_REQUEST (CLASS_ID,STUDENT_ID) values ('190261029602','2019309909');
Insert into ENROLMENT.CLASS_REQUEST (CLASS_ID,STUDENT_ID) values ('190220099212','2019768543');
Insert into ENROLMENT.CLASS_REQUEST (CLASS_ID,STUDENT_ID) values ('190220069207','2019768543');
Insert into ENROLMENT.CLASS_REQUEST (CLASS_ID,STUDENT_ID) values ('190220079209','2019768543');
Insert into ENROLMENT.CLASS_REQUEST (CLASS_ID,STUDENT_ID) values ('190261019601','2019768543');
Insert into ENROLMENT.CLASS_REQUEST (CLASS_ID,STUDENT_ID) values ('190261029602','2019768543');
Insert into ENROLMENT.CLASS_REQUEST (CLASS_ID,STUDENT_ID) values ('190220099212','2019641872');
Insert into ENROLMENT.CLASS_REQUEST (CLASS_ID,STUDENT_ID) values ('190220069207','2019641872');
Insert into ENROLMENT.CLASS_REQUEST (CLASS_ID,STUDENT_ID) values ('190220079209','2019641872');
Insert into ENROLMENT.CLASS_REQUEST (CLASS_ID,STUDENT_ID) values ('190261019601','2019641872');
Insert into ENROLMENT.CLASS_REQUEST (CLASS_ID,STUDENT_ID) values ('190261029602','2019641872');
Insert into ENROLMENT.CLASS_REQUEST (CLASS_ID,STUDENT_ID) values ('190110029102','2019241954');
Insert into ENROLMENT.CLASS_REQUEST (CLASS_ID,STUDENT_ID) values ('190110129105','2019241954');
Insert into ENROLMENT.CLASS_REQUEST (CLASS_ID,STUDENT_ID) values ('190110119104','2019241954');
Insert into ENROLMENT.CLASS_REQUEST (CLASS_ID,STUDENT_ID) values ('190161049605','2019241954');
Insert into ENROLMENT.CLASS_REQUEST (CLASS_ID,STUDENT_ID) values ('190110059105','2019241954');
Insert into ENROLMENT.CLASS_REQUEST (CLASS_ID,STUDENT_ID) values ('190110099101','2019241954');
Insert into ENROLMENT.CLASS_REQUEST (CLASS_ID,STUDENT_ID) values ('190110029102','2019264816');
Insert into ENROLMENT.CLASS_REQUEST (CLASS_ID,STUDENT_ID) values ('190110129105','2019264816');
Insert into ENROLMENT.CLASS_REQUEST (CLASS_ID,STUDENT_ID) values ('190110119104','2019264816');
Insert into ENROLMENT.CLASS_REQUEST (CLASS_ID,STUDENT_ID) values ('190161049605','2019264816');
Insert into ENROLMENT.CLASS_REQUEST (CLASS_ID,STUDENT_ID) values ('190110059105','2019264816');
Insert into ENROLMENT.CLASS_REQUEST (CLASS_ID,STUDENT_ID) values ('190110099101','2019264816');
Insert into ENROLMENT.CLASS_REQUEST (CLASS_ID,STUDENT_ID) values ('190110029102','2019403429');
Insert into ENROLMENT.CLASS_REQUEST (CLASS_ID,STUDENT_ID) values ('190110129105','2019403429');
Insert into ENROLMENT.CLASS_REQUEST (CLASS_ID,STUDENT_ID) values ('190110119104','2019403429');
Insert into ENROLMENT.CLASS_REQUEST (CLASS_ID,STUDENT_ID) values ('190161049605','2019403429');
Insert into ENROLMENT.CLASS_REQUEST (CLASS_ID,STUDENT_ID) values ('190110059105','2019403429');
Insert into ENROLMENT.CLASS_REQUEST (CLASS_ID,STUDENT_ID) values ('190110099101','2019403429');
Insert into ENROLMENT.CLASS_REQUEST (CLASS_ID,STUDENT_ID) values ('190110029102','2019431340');
Insert into ENROLMENT.CLASS_REQUEST (CLASS_ID,STUDENT_ID) values ('190110129105','2019431340');
Insert into ENROLMENT.CLASS_REQUEST (CLASS_ID,STUDENT_ID) values ('190110119104','2019431340');
Insert into ENROLMENT.CLASS_REQUEST (CLASS_ID,STUDENT_ID) values ('190161049605','2019431340');
Insert into ENROLMENT.CLASS_REQUEST (CLASS_ID,STUDENT_ID) values ('190110059105','2019431340');
Insert into ENROLMENT.CLASS_REQUEST (CLASS_ID,STUDENT_ID) values ('190110099101','2019431340');
Insert into ENROLMENT.CLASS_REQUEST (CLASS_ID,STUDENT_ID) values ('190110029102','2019597473');
Insert into ENROLMENT.CLASS_REQUEST (CLASS_ID,STUDENT_ID) values ('190110129105','2019597473');
Insert into ENROLMENT.CLASS_REQUEST (CLASS_ID,STUDENT_ID) values ('190110119104','2019597473');
Insert into ENROLMENT.CLASS_REQUEST (CLASS_ID,STUDENT_ID) values ('190161049605','2019597473');
Insert into ENROLMENT.CLASS_REQUEST (CLASS_ID,STUDENT_ID) values ('190110059105','2019597473');
Insert into ENROLMENT.CLASS_REQUEST (CLASS_ID,STUDENT_ID) values ('190110099101','2019597473');
Insert into ENROLMENT.CLASS_REQUEST (CLASS_ID,STUDENT_ID) values ('190110029102','2019743527');
Insert into ENROLMENT.CLASS_REQUEST (CLASS_ID,STUDENT_ID) values ('190110129105','2019743527');
Insert into ENROLMENT.CLASS_REQUEST (CLASS_ID,STUDENT_ID) values ('190110119104','2019743527');
Insert into ENROLMENT.CLASS_REQUEST (CLASS_ID,STUDENT_ID) values ('190161049605','2019743527');
Insert into ENROLMENT.CLASS_REQUEST (CLASS_ID,STUDENT_ID) values ('190110059105','2019743527');
Insert into ENROLMENT.CLASS_REQUEST (CLASS_ID,STUDENT_ID) values ('190110099101','2019743527');
Insert into ENROLMENT.CLASS_REQUEST (CLASS_ID,STUDENT_ID) values ('190110029102','2019936832');
Insert into ENROLMENT.CLASS_REQUEST (CLASS_ID,STUDENT_ID) values ('190110129105','2019936832');
Insert into ENROLMENT.CLASS_REQUEST (CLASS_ID,STUDENT_ID) values ('190110119104','2019936832');
Insert into ENROLMENT.CLASS_REQUEST (CLASS_ID,STUDENT_ID) values ('190161049605','2019936832');
Insert into ENROLMENT.CLASS_REQUEST (CLASS_ID,STUDENT_ID) values ('190110059105','2019936832');
Insert into ENROLMENT.CLASS_REQUEST (CLASS_ID,STUDENT_ID) values ('190110099101','2019936832');
Insert into ENROLMENT.CLASS_REQUEST (CLASS_ID,STUDENT_ID) values ('190210049104','2019241954');
Insert into ENROLMENT.CLASS_REQUEST (CLASS_ID,STUDENT_ID) values ('190283059715','2019241954');
Insert into ENROLMENT.CLASS_REQUEST (CLASS_ID,STUDENT_ID) values ('190210019101','2019241954');
Insert into ENROLMENT.CLASS_REQUEST (CLASS_ID,STUDENT_ID) values ('190294029717','2019241954');
Insert into ENROLMENT.CLASS_REQUEST (CLASS_ID,STUDENT_ID) values ('190210139106','2019241954');
Insert into ENROLMENT.CLASS_REQUEST (CLASS_ID,STUDENT_ID) values ('190210149111','2019241954');
Insert into ENROLMENT.CLASS_REQUEST (CLASS_ID,STUDENT_ID) values ('190210049104','2019264816');
Insert into ENROLMENT.CLASS_REQUEST (CLASS_ID,STUDENT_ID) values ('190283059715','2019264816');
Insert into ENROLMENT.CLASS_REQUEST (CLASS_ID,STUDENT_ID) values ('190210019101','2019264816');
Insert into ENROLMENT.CLASS_REQUEST (CLASS_ID,STUDENT_ID) values ('190294029717','2019264816');
Insert into ENROLMENT.CLASS_REQUEST (CLASS_ID,STUDENT_ID) values ('190210139106','2019264816');
Insert into ENROLMENT.CLASS_REQUEST (CLASS_ID,STUDENT_ID) values ('190210149111','2019264816');
Insert into ENROLMENT.CLASS_REQUEST (CLASS_ID,STUDENT_ID) values ('190210049104','2019403429');
Insert into ENROLMENT.CLASS_REQUEST (CLASS_ID,STUDENT_ID) values ('190283059715','2019403429');
Insert into ENROLMENT.CLASS_REQUEST (CLASS_ID,STUDENT_ID) values ('190210019101','2019403429');
Insert into ENROLMENT.CLASS_REQUEST (CLASS_ID,STUDENT_ID) values ('190294029717','2019403429');
Insert into ENROLMENT.CLASS_REQUEST (CLASS_ID,STUDENT_ID) values ('190210139106','2019403429');
Insert into ENROLMENT.CLASS_REQUEST (CLASS_ID,STUDENT_ID) values ('190210149111','2019403429');
Insert into ENROLMENT.CLASS_REQUEST (CLASS_ID,STUDENT_ID) values ('190210049104','2019431340');
Insert into ENROLMENT.CLASS_REQUEST (CLASS_ID,STUDENT_ID) values ('190283059715','2019431340');
Insert into ENROLMENT.CLASS_REQUEST (CLASS_ID,STUDENT_ID) values ('190210019101','2019431340');
Insert into ENROLMENT.CLASS_REQUEST (CLASS_ID,STUDENT_ID) values ('190294029717','2019431340');
Insert into ENROLMENT.CLASS_REQUEST (CLASS_ID,STUDENT_ID) values ('190210139106','2019431340');
Insert into ENROLMENT.CLASS_REQUEST (CLASS_ID,STUDENT_ID) values ('190210149111','2019431340');
Insert into ENROLMENT.CLASS_REQUEST (CLASS_ID,STUDENT_ID) values ('190210049104','2019597473');
Insert into ENROLMENT.CLASS_REQUEST (CLASS_ID,STUDENT_ID) values ('190283059715','2019597473');
Insert into ENROLMENT.CLASS_REQUEST (CLASS_ID,STUDENT_ID) values ('190210019101','2019597473');
Insert into ENROLMENT.CLASS_REQUEST (CLASS_ID,STUDENT_ID) values ('190294029717','2019597473');
Insert into ENROLMENT.CLASS_REQUEST (CLASS_ID,STUDENT_ID) values ('190210139106','2019597473');
Insert into ENROLMENT.CLASS_REQUEST (CLASS_ID,STUDENT_ID) values ('190210149111','2019597473');
Insert into ENROLMENT.CLASS_REQUEST (CLASS_ID,STUDENT_ID) values ('190210049104','2019743527');
Insert into ENROLMENT.CLASS_REQUEST (CLASS_ID,STUDENT_ID) values ('190283059715','2019743527');
Insert into ENROLMENT.CLASS_REQUEST (CLASS_ID,STUDENT_ID) values ('190210019101','2019743527');
Insert into ENROLMENT.CLASS_REQUEST (CLASS_ID,STUDENT_ID) values ('190294029717','2019743527');
Insert into ENROLMENT.CLASS_REQUEST (CLASS_ID,STUDENT_ID) values ('190210139106','2019743527');
Insert into ENROLMENT.CLASS_REQUEST (CLASS_ID,STUDENT_ID) values ('190210149111','2019743527');
Insert into ENROLMENT.CLASS_REQUEST (CLASS_ID,STUDENT_ID) values ('190210049104','2019936832');
Insert into ENROLMENT.CLASS_REQUEST (CLASS_ID,STUDENT_ID) values ('190283059715','2019936832');
Insert into ENROLMENT.CLASS_REQUEST (CLASS_ID,STUDENT_ID) values ('190210019101','2019936832');
Insert into ENROLMENT.CLASS_REQUEST (CLASS_ID,STUDENT_ID) values ('190294029717','2019936832');
Insert into ENROLMENT.CLASS_REQUEST (CLASS_ID,STUDENT_ID) values ('190210139106','2019936832');
Insert into ENROLMENT.CLASS_REQUEST (CLASS_ID,STUDENT_ID) values ('190210149111','2019936832');
Insert into ENROLMENT.CLASS_REQUEST (CLASS_ID,STUDENT_ID) values ('190140019401','2019230431');
Insert into ENROLMENT.CLASS_REQUEST (CLASS_ID,STUDENT_ID) values ('190140069405','2019230431');
Insert into ENROLMENT.CLASS_REQUEST (CLASS_ID,STUDENT_ID) values ('190140099402','2019230431');
Insert into ENROLMENT.CLASS_REQUEST (CLASS_ID,STUDENT_ID) values ('190172039608','2019230431');
Insert into ENROLMENT.CLASS_REQUEST (CLASS_ID,STUDENT_ID) values ('190161049605','2019230431');
Insert into ENROLMENT.CLASS_REQUEST (CLASS_ID,STUDENT_ID) values ('190140029402','2019238759');
Insert into ENROLMENT.CLASS_REQUEST (CLASS_ID,STUDENT_ID) values ('190140059404','2019238759');
Insert into ENROLMENT.CLASS_REQUEST (CLASS_ID,STUDENT_ID) values ('190140169412','2019238759');
Insert into ENROLMENT.CLASS_REQUEST (CLASS_ID,STUDENT_ID) values ('190183039713','2019238759');
Insert into ENROLMENT.CLASS_REQUEST (CLASS_ID,STUDENT_ID) values ('190183049714','2019238759');
Insert into ENROLMENT.CLASS_REQUEST (CLASS_ID,STUDENT_ID) values ('190172029607','2019238759');
Insert into ENROLMENT.CLASS_REQUEST (CLASS_ID,STUDENT_ID) values ('190140019401','2019445901');
Insert into ENROLMENT.CLASS_REQUEST (CLASS_ID,STUDENT_ID) values ('190140099402','2019445901');
Insert into ENROLMENT.CLASS_REQUEST (CLASS_ID,STUDENT_ID) values ('190140119408','2019445901');
Insert into ENROLMENT.CLASS_REQUEST (CLASS_ID,STUDENT_ID) values ('190140169412','2019445901');
Insert into ENROLMENT.CLASS_REQUEST (CLASS_ID,STUDENT_ID) values ('190161029603','2019445901');
Insert into ENROLMENT.CLASS_REQUEST (CLASS_ID,STUDENT_ID) values ('190172039608','2019445901');
Insert into ENROLMENT.CLASS_REQUEST (CLASS_ID,STUDENT_ID) values ('190140029402','2019460713');
Insert into ENROLMENT.CLASS_REQUEST (CLASS_ID,STUDENT_ID) values ('190140079405','2019460713');
Insert into ENROLMENT.CLASS_REQUEST (CLASS_ID,STUDENT_ID) values ('190140099402','2019460713');
Insert into ENROLMENT.CLASS_REQUEST (CLASS_ID,STUDENT_ID) values ('190172059610','2019460713');
Insert into ENROLMENT.CLASS_REQUEST (CLASS_ID,STUDENT_ID) values ('190194039718','2019460713');
Insert into ENROLMENT.CLASS_REQUEST (CLASS_ID,STUDENT_ID) values ('190140039403','2019372207');
Insert into ENROLMENT.CLASS_REQUEST (CLASS_ID,STUDENT_ID) values ('190140109407','2019372207');
Insert into ENROLMENT.CLASS_REQUEST (CLASS_ID,STUDENT_ID) values ('190140149411','2019372207');
Insert into ENROLMENT.CLASS_REQUEST (CLASS_ID,STUDENT_ID) values ('190140159406','2019372207');
Insert into ENROLMENT.CLASS_REQUEST (CLASS_ID,STUDENT_ID) values ('190183049714','2019372207');
Insert into ENROLMENT.CLASS_REQUEST (CLASS_ID,STUDENT_ID) values ('190194049719','2019372207');
Insert into ENROLMENT.CLASS_REQUEST (CLASS_ID,STUDENT_ID) values ('190240029402','2019230431');
Insert into ENROLMENT.CLASS_REQUEST (CLASS_ID,STUDENT_ID) values ('190240059404','2019230431');
Insert into ENROLMENT.CLASS_REQUEST (CLASS_ID,STUDENT_ID) values ('190240169412','2019230431');
Insert into ENROLMENT.CLASS_REQUEST (CLASS_ID,STUDENT_ID) values ('190283049714','2019230431');
Insert into ENROLMENT.CLASS_REQUEST (CLASS_ID,STUDENT_ID) values ('190294049719','2019230431');
Insert into ENROLMENT.CLASS_REQUEST (CLASS_ID,STUDENT_ID) values ('190240019401','2019238759');
Insert into ENROLMENT.CLASS_REQUEST (CLASS_ID,STUDENT_ID) values ('190240099402','2019238759');
Insert into ENROLMENT.CLASS_REQUEST (CLASS_ID,STUDENT_ID) values ('190240119408','2019238759');
Insert into ENROLMENT.CLASS_REQUEST (CLASS_ID,STUDENT_ID) values ('190240169412','2019238759');
Insert into ENROLMENT.CLASS_REQUEST (CLASS_ID,STUDENT_ID) values ('190294039718','2019238759');
Insert into ENROLMENT.CLASS_REQUEST (CLASS_ID,STUDENT_ID) values ('190294049719','2019238759');
Insert into ENROLMENT.CLASS_REQUEST (CLASS_ID,STUDENT_ID) values ('190240029402','2019445901');
Insert into ENROLMENT.CLASS_REQUEST (CLASS_ID,STUDENT_ID) values ('190240039403','2019445901');
Insert into ENROLMENT.CLASS_REQUEST (CLASS_ID,STUDENT_ID) values ('190240059404','2019445901');
Insert into ENROLMENT.CLASS_REQUEST (CLASS_ID,STUDENT_ID) values ('190240149411','2019445901');
Insert into ENROLMENT.CLASS_REQUEST (CLASS_ID,STUDENT_ID) values ('190283049714','2019445901');
Insert into ENROLMENT.CLASS_REQUEST (CLASS_ID,STUDENT_ID) values ('190272029607','2019445901');
Insert into ENROLMENT.CLASS_REQUEST (CLASS_ID,STUDENT_ID) values ('190240039403','2019460713');
Insert into ENROLMENT.CLASS_REQUEST (CLASS_ID,STUDENT_ID) values ('190240109407','2019460713');
Insert into ENROLMENT.CLASS_REQUEST (CLASS_ID,STUDENT_ID) values ('190240149411','2019460713');
Insert into ENROLMENT.CLASS_REQUEST (CLASS_ID,STUDENT_ID) values ('190240159406','2019460713');
Insert into ENROLMENT.CLASS_REQUEST (CLASS_ID,STUDENT_ID) values ('190261029603','2019460713');
Insert into ENROLMENT.CLASS_REQUEST (CLASS_ID,STUDENT_ID) values ('190272039608','2019460713');
Insert into ENROLMENT.CLASS_REQUEST (CLASS_ID,STUDENT_ID) values ('190240029402','2019372207');
Insert into ENROLMENT.CLASS_REQUEST (CLASS_ID,STUDENT_ID) values ('190240079405','2019372207');
Insert into ENROLMENT.CLASS_REQUEST (CLASS_ID,STUDENT_ID) values ('190240099402','2019372207');
Insert into ENROLMENT.CLASS_REQUEST (CLASS_ID,STUDENT_ID) values ('190272059610','2019372207');
Insert into ENROLMENT.CLASS_REQUEST (CLASS_ID,STUDENT_ID) values ('190294039718','2019372207');

--------------------------------------------------------------------------------------------------------------------------------------------------------------------------------------------------------------
-- Class_History(성적)

create table class_history(
     id number,
     class_id number,
     score varchar2(5),
     percentage number(10,1),
constraint class_history_pk primary key(id),
     constraint history_class_id_fk foreign key(class_id)
     references class_request(class_id) on delete cascade
);

Insert into ENROLMENT.CLASS_HISTORY (CLASS_ID,STUDENT_ID,SCORE,PERCENTAGE) values ('190150019501','2019249663','B+',88.6);
Insert into ENROLMENT.CLASS_HISTORY (CLASS_ID,STUDENT_ID,SCORE,PERCENTAGE) values ('190150039504','2019249663','B',82.9);
Insert into ENROLMENT.CLASS_HISTORY (CLASS_ID,STUDENT_ID,SCORE,PERCENTAGE) values ('190150049505','2019249663','C',71.4);
Insert into ENROLMENT.CLASS_HISTORY (CLASS_ID,STUDENT_ID,SCORE,PERCENTAGE) values ('190161019601','2019249663','C+',77.1);
Insert into ENROLMENT.CLASS_HISTORY (CLASS_ID,STUDENT_ID,SCORE,PERCENTAGE) values ('190172029607','2019249663','B',82.9);
Insert into ENROLMENT.CLASS_HISTORY (CLASS_ID,STUDENT_ID,SCORE,PERCENTAGE) values ('190150019501','2019311009','A',94.3);
Insert into ENROLMENT.CLASS_HISTORY (CLASS_ID,STUDENT_ID,SCORE,PERCENTAGE) values ('190150039504','2019311009','A+',100);
Insert into ENROLMENT.CLASS_HISTORY (CLASS_ID,STUDENT_ID,SCORE,PERCENTAGE) values ('190150049505','2019311009','A',94.3);
Insert into ENROLMENT.CLASS_HISTORY (CLASS_ID,STUDENT_ID,SCORE,PERCENTAGE) values ('190161019601','2019311009','B+',88.6);
Insert into ENROLMENT.CLASS_HISTORY (CLASS_ID,STUDENT_ID,SCORE,PERCENTAGE) values ('190172029607','2019311009','B+',88.6);
Insert into ENROLMENT.CLASS_HISTORY (CLASS_ID,STUDENT_ID,SCORE,PERCENTAGE) values ('190150019501','2019351350','C+',77.1);
Insert into ENROLMENT.CLASS_HISTORY (CLASS_ID,STUDENT_ID,SCORE,PERCENTAGE) values ('190150039504','2019351350','B+',88.6);
Insert into ENROLMENT.CLASS_HISTORY (CLASS_ID,STUDENT_ID,SCORE,PERCENTAGE) values ('190150049505','2019351350','B+',88.6);
Insert into ENROLMENT.CLASS_HISTORY (CLASS_ID,STUDENT_ID,SCORE,PERCENTAGE) values ('190161019601','2019351350','A',94.3);
Insert into ENROLMENT.CLASS_HISTORY (CLASS_ID,STUDENT_ID,SCORE,PERCENTAGE) values ('190172029607','2019351350','B',82.9);
Insert into ENROLMENT.CLASS_HISTORY (CLASS_ID,STUDENT_ID,SCORE,PERCENTAGE) values ('190150019501','2019421041','B',82.9);
Insert into ENROLMENT.CLASS_HISTORY (CLASS_ID,STUDENT_ID,SCORE,PERCENTAGE) values ('190150039504','2019421041','A',94.3);
Insert into ENROLMENT.CLASS_HISTORY (CLASS_ID,STUDENT_ID,SCORE,PERCENTAGE) values ('190150049505','2019421041','B',82.9);
Insert into ENROLMENT.CLASS_HISTORY (CLASS_ID,STUDENT_ID,SCORE,PERCENTAGE) values ('190161019601','2019421041','C',71.4);
Insert into ENROLMENT.CLASS_HISTORY (CLASS_ID,STUDENT_ID,SCORE,PERCENTAGE) values ('190172029607','2019421041','C',71.4);
Insert into ENROLMENT.CLASS_HISTORY (CLASS_ID,STUDENT_ID,SCORE,PERCENTAGE) values ('190150019501','2019520272','A+',100);
Insert into ENROLMENT.CLASS_HISTORY (CLASS_ID,STUDENT_ID,SCORE,PERCENTAGE) values ('190150039504','2019520272','A+',100);
Insert into ENROLMENT.CLASS_HISTORY (CLASS_ID,STUDENT_ID,SCORE,PERCENTAGE) values ('190150049505','2019520272','A+',100);
Insert into ENROLMENT.CLASS_HISTORY (CLASS_ID,STUDENT_ID,SCORE,PERCENTAGE) values ('190161019601','2019520272','A+',100);
Insert into ENROLMENT.CLASS_HISTORY (CLASS_ID,STUDENT_ID,SCORE,PERCENTAGE) values ('190172029607','2019520272','A+',100);
Insert into ENROLMENT.CLASS_HISTORY (CLASS_ID,STUDENT_ID,SCORE,PERCENTAGE) values ('190150019501','2019521551','B+',88.6);
Insert into ENROLMENT.CLASS_HISTORY (CLASS_ID,STUDENT_ID,SCORE,PERCENTAGE) values ('190150039504','2019521551','B+',88.6);
Insert into ENROLMENT.CLASS_HISTORY (CLASS_ID,STUDENT_ID,SCORE,PERCENTAGE) values ('190150049505','2019521551','B+',88.6);
Insert into ENROLMENT.CLASS_HISTORY (CLASS_ID,STUDENT_ID,SCORE,PERCENTAGE) values ('190161019601','2019521551','B+',88.6);
Insert into ENROLMENT.CLASS_HISTORY (CLASS_ID,STUDENT_ID,SCORE,PERCENTAGE) values ('190172029607','2019521551','B+',88.6);
Insert into ENROLMENT.CLASS_HISTORY (CLASS_ID,STUDENT_ID,SCORE,PERCENTAGE) values ('190150019501','2019846665','C+',77.1);
Insert into ENROLMENT.CLASS_HISTORY (CLASS_ID,STUDENT_ID,SCORE,PERCENTAGE) values ('190150039504','2019846665','C',71.4);
Insert into ENROLMENT.CLASS_HISTORY (CLASS_ID,STUDENT_ID,SCORE,PERCENTAGE) values ('190150049505','2019846665','D+',65.7);
Insert into ENROLMENT.CLASS_HISTORY (CLASS_ID,STUDENT_ID,SCORE,PERCENTAGE) values ('190161019601','2019846665','D',60);
Insert into ENROLMENT.CLASS_HISTORY (CLASS_ID,STUDENT_ID,SCORE,PERCENTAGE) values ('190172029607','2019846665','C+',77.1);
Insert into ENROLMENT.CLASS_HISTORY (CLASS_ID,STUDENT_ID,SCORE,PERCENTAGE) values ('190150019501','2019980408','B',82.9);
Insert into ENROLMENT.CLASS_HISTORY (CLASS_ID,STUDENT_ID,SCORE,PERCENTAGE) values ('190150039504','2019980408','C+',77.1);
Insert into ENROLMENT.CLASS_HISTORY (CLASS_ID,STUDENT_ID,SCORE,PERCENTAGE) values ('190150049505','2019980408','D',60);
Insert into ENROLMENT.CLASS_HISTORY (CLASS_ID,STUDENT_ID,SCORE,PERCENTAGE) values ('190161019601','2019980408','D+',65.7);
Insert into ENROLMENT.CLASS_HISTORY (CLASS_ID,STUDENT_ID,SCORE,PERCENTAGE) values ('190172029607','2019980408','B',82.9);
Insert into ENROLMENT.CLASS_HISTORY (CLASS_ID,STUDENT_ID,SCORE,PERCENTAGE) values ('190150019501','2019985158','C+',77.1);
Insert into ENROLMENT.CLASS_HISTORY (CLASS_ID,STUDENT_ID,SCORE,PERCENTAGE) values ('190150039504','2019985158','C+',77.1);
Insert into ENROLMENT.CLASS_HISTORY (CLASS_ID,STUDENT_ID,SCORE,PERCENTAGE) values ('190150049505','2019985158','C+',77.1);
Insert into ENROLMENT.CLASS_HISTORY (CLASS_ID,STUDENT_ID,SCORE,PERCENTAGE) values ('190161019601','2019985158','C+',77.1);
Insert into ENROLMENT.CLASS_HISTORY (CLASS_ID,STUDENT_ID,SCORE,PERCENTAGE) values ('190172029607','2019985158','C+',77.1);
Insert into ENROLMENT.CLASS_HISTORY (CLASS_ID,STUDENT_ID,SCORE,PERCENTAGE) values ('190250029503','2019249663','B+',88.6);
Insert into ENROLMENT.CLASS_HISTORY (CLASS_ID,STUDENT_ID,SCORE,PERCENTAGE) values ('190250069508','2019249663','B+',88.6);
Insert into ENROLMENT.CLASS_HISTORY (CLASS_ID,STUDENT_ID,SCORE,PERCENTAGE) values ('190250079509','2019249663','B+',88.6);
Insert into ENROLMENT.CLASS_HISTORY (CLASS_ID,STUDENT_ID,SCORE,PERCENTAGE) values ('190250059507','2019249663','C',71.4);
Insert into ENROLMENT.CLASS_HISTORY (CLASS_ID,STUDENT_ID,SCORE,PERCENTAGE) values ('190294059720','2019249663','C+',77.1);
Insert into ENROLMENT.CLASS_HISTORY (CLASS_ID,STUDENT_ID,SCORE,PERCENTAGE) values ('190272019606','2019249663','B',82.9);
Insert into ENROLMENT.CLASS_HISTORY (CLASS_ID,STUDENT_ID,SCORE,PERCENTAGE) values ('190250029503','2019311009','B+',88.6);
Insert into ENROLMENT.CLASS_HISTORY (CLASS_ID,STUDENT_ID,SCORE,PERCENTAGE) values ('190250069508','2019311009','A',94.3);
Insert into ENROLMENT.CLASS_HISTORY (CLASS_ID,STUDENT_ID,SCORE,PERCENTAGE) values ('190250079509','2019311009','A+',100);
Insert into ENROLMENT.CLASS_HISTORY (CLASS_ID,STUDENT_ID,SCORE,PERCENTAGE) values ('190250059507','2019311009','A',94.3);
Insert into ENROLMENT.CLASS_HISTORY (CLASS_ID,STUDENT_ID,SCORE,PERCENTAGE) values ('190294059720','2019311009','B',82.9);
Insert into ENROLMENT.CLASS_HISTORY (CLASS_ID,STUDENT_ID,SCORE,PERCENTAGE) values ('190272019606','2019311009','B+',88.6);
Insert into ENROLMENT.CLASS_HISTORY (CLASS_ID,STUDENT_ID,SCORE,PERCENTAGE) values ('190250029503','2019351350','B',82.9);
Insert into ENROLMENT.CLASS_HISTORY (CLASS_ID,STUDENT_ID,SCORE,PERCENTAGE) values ('190250069508','2019351350','C+',77.1);
Insert into ENROLMENT.CLASS_HISTORY (CLASS_ID,STUDENT_ID,SCORE,PERCENTAGE) values ('190250079509','2019351350','B',82.9);
Insert into ENROLMENT.CLASS_HISTORY (CLASS_ID,STUDENT_ID,SCORE,PERCENTAGE) values ('190250059507','2019351350','B',82.9);
Insert into ENROLMENT.CLASS_HISTORY (CLASS_ID,STUDENT_ID,SCORE,PERCENTAGE) values ('190294059720','2019351350','B',82.9);
Insert into ENROLMENT.CLASS_HISTORY (CLASS_ID,STUDENT_ID,SCORE,PERCENTAGE) values ('190272019606','2019351350','B',82.9);
Insert into ENROLMENT.CLASS_HISTORY (CLASS_ID,STUDENT_ID,SCORE,PERCENTAGE) values ('190250029503','2019421041','C',71.4);
Insert into ENROLMENT.CLASS_HISTORY (CLASS_ID,STUDENT_ID,SCORE,PERCENTAGE) values ('190250069508','2019421041','C',71.4);
Insert into ENROLMENT.CLASS_HISTORY (CLASS_ID,STUDENT_ID,SCORE,PERCENTAGE) values ('190250079509','2019421041','B',82.9);
Insert into ENROLMENT.CLASS_HISTORY (CLASS_ID,STUDENT_ID,SCORE,PERCENTAGE) values ('190250059507','2019421041','B+',88.6);
Insert into ENROLMENT.CLASS_HISTORY (CLASS_ID,STUDENT_ID,SCORE,PERCENTAGE) values ('190294059720','2019421041','B',82.9);
Insert into ENROLMENT.CLASS_HISTORY (CLASS_ID,STUDENT_ID,SCORE,PERCENTAGE) values ('190272019606','2019421041','C+',77.1);
Insert into ENROLMENT.CLASS_HISTORY (CLASS_ID,STUDENT_ID,SCORE,PERCENTAGE) values ('190250029503','2019520272','A',94.3);
Insert into ENROLMENT.CLASS_HISTORY (CLASS_ID,STUDENT_ID,SCORE,PERCENTAGE) values ('190250069508','2019520272','A',94.3);
Insert into ENROLMENT.CLASS_HISTORY (CLASS_ID,STUDENT_ID,SCORE,PERCENTAGE) values ('190250079509','2019520272','B+',88.6);
Insert into ENROLMENT.CLASS_HISTORY (CLASS_ID,STUDENT_ID,SCORE,PERCENTAGE) values ('190250059507','2019520272','A+',100);
Insert into ENROLMENT.CLASS_HISTORY (CLASS_ID,STUDENT_ID,SCORE,PERCENTAGE) values ('190294059720','2019520272','A',94.3);
Insert into ENROLMENT.CLASS_HISTORY (CLASS_ID,STUDENT_ID,SCORE,PERCENTAGE) values ('190272019606','2019520272','A',94.3);
Insert into ENROLMENT.CLASS_HISTORY (CLASS_ID,STUDENT_ID,SCORE,PERCENTAGE) values ('190250029503','2019521551','B+',88.6);
Insert into ENROLMENT.CLASS_HISTORY (CLASS_ID,STUDENT_ID,SCORE,PERCENTAGE) values ('190250069508','2019521551','B+',88.6);
Insert into ENROLMENT.CLASS_HISTORY (CLASS_ID,STUDENT_ID,SCORE,PERCENTAGE) values ('190250079509','2019521551','A',94.3);
Insert into ENROLMENT.CLASS_HISTORY (CLASS_ID,STUDENT_ID,SCORE,PERCENTAGE) values ('190250059507','2019521551','A',94.3);
Insert into ENROLMENT.CLASS_HISTORY (CLASS_ID,STUDENT_ID,SCORE,PERCENTAGE) values ('190294059720','2019521551','B+',88.6);
Insert into ENROLMENT.CLASS_HISTORY (CLASS_ID,STUDENT_ID,SCORE,PERCENTAGE) values ('190272019606','2019521551','A',94.3);
Insert into ENROLMENT.CLASS_HISTORY (CLASS_ID,STUDENT_ID,SCORE,PERCENTAGE) values ('190250029503','2019846665','D+',65.7);
Insert into ENROLMENT.CLASS_HISTORY (CLASS_ID,STUDENT_ID,SCORE,PERCENTAGE) values ('190250069508','2019846665','C+',77.1);
Insert into ENROLMENT.CLASS_HISTORY (CLASS_ID,STUDENT_ID,SCORE,PERCENTAGE) values ('190250079509','2019846665','B',82.9);
Insert into ENROLMENT.CLASS_HISTORY (CLASS_ID,STUDENT_ID,SCORE,PERCENTAGE) values ('190250059507','2019846665','C+',77.1);
Insert into ENROLMENT.CLASS_HISTORY (CLASS_ID,STUDENT_ID,SCORE,PERCENTAGE) values ('190294059720','2019846665','D+',65.7);
Insert into ENROLMENT.CLASS_HISTORY (CLASS_ID,STUDENT_ID,SCORE,PERCENTAGE) values ('190272019606','2019846665','C+',77.1);
Insert into ENROLMENT.CLASS_HISTORY (CLASS_ID,STUDENT_ID,SCORE,PERCENTAGE) values ('190250029503','2019980408','B',82.9);
Insert into ENROLMENT.CLASS_HISTORY (CLASS_ID,STUDENT_ID,SCORE,PERCENTAGE) values ('190250069508','2019980408','B',82.9);
Insert into ENROLMENT.CLASS_HISTORY (CLASS_ID,STUDENT_ID,SCORE,PERCENTAGE) values ('190250079509','2019980408','C+',77.1);
Insert into ENROLMENT.CLASS_HISTORY (CLASS_ID,STUDENT_ID,SCORE,PERCENTAGE) values ('190250059507','2019980408','C+',77.1);
Insert into ENROLMENT.CLASS_HISTORY (CLASS_ID,STUDENT_ID,SCORE,PERCENTAGE) values ('190294059720','2019980408','B',82.9);
Insert into ENROLMENT.CLASS_HISTORY (CLASS_ID,STUDENT_ID,SCORE,PERCENTAGE) values ('190272019606','2019980408','B',82.9);
Insert into ENROLMENT.CLASS_HISTORY (CLASS_ID,STUDENT_ID,SCORE,PERCENTAGE) values ('190250029503','2019985158','D+',65.7);
Insert into ENROLMENT.CLASS_HISTORY (CLASS_ID,STUDENT_ID,SCORE,PERCENTAGE) values ('190250069508','2019985158','C+',77.1);
Insert into ENROLMENT.CLASS_HISTORY (CLASS_ID,STUDENT_ID,SCORE,PERCENTAGE) values ('190250079509','2019985158','D',60);
Insert into ENROLMENT.CLASS_HISTORY (CLASS_ID,STUDENT_ID,SCORE,PERCENTAGE) values ('190250059507','2019985158','D+',65.7);
Insert into ENROLMENT.CLASS_HISTORY (CLASS_ID,STUDENT_ID,SCORE,PERCENTAGE) values ('190294059720','2019985158','D+',65.7);
Insert into ENROLMENT.CLASS_HISTORY (CLASS_ID,STUDENT_ID,SCORE,PERCENTAGE) values ('190272019606','2019985158','C',71.4);
Insert into ENROLMENT.CLASS_HISTORY (CLASS_ID,STUDENT_ID,SCORE,PERCENTAGE) values ('190120019201','2019292753','B+',88.6);
Insert into ENROLMENT.CLASS_HISTORY (CLASS_ID,STUDENT_ID,SCORE,PERCENTAGE) values ('190120029204','2019292753','B+',88.6);
Insert into ENROLMENT.CLASS_HISTORY (CLASS_ID,STUDENT_ID,SCORE,PERCENTAGE) values ('190120039205','2019292753','A',94.3);
Insert into ENROLMENT.CLASS_HISTORY (CLASS_ID,STUDENT_ID,SCORE,PERCENTAGE) values ('190120049206','2019292753','B',82.9);
Insert into ENROLMENT.CLASS_HISTORY (CLASS_ID,STUDENT_ID,SCORE,PERCENTAGE) values ('190161039604','2019292753','B',82.9);
Insert into ENROLMENT.CLASS_HISTORY (CLASS_ID,STUDENT_ID,SCORE,PERCENTAGE) values ('190161049605','2019292753','A',94.3);
Insert into ENROLMENT.CLASS_HISTORY (CLASS_ID,STUDENT_ID,SCORE,PERCENTAGE) values ('190130019301','2019759616','B+',88.6);
Insert into ENROLMENT.CLASS_HISTORY (CLASS_ID,STUDENT_ID,SCORE,PERCENTAGE) values ('190130039305','2019759616','B',82.9);
Insert into ENROLMENT.CLASS_HISTORY (CLASS_ID,STUDENT_ID,SCORE,PERCENTAGE) values ('190130199326','2019759616','C',71.4);
Insert into ENROLMENT.CLASS_HISTORY (CLASS_ID,STUDENT_ID,SCORE,PERCENTAGE) values ('190130079311','2019759616','C+',77.1);
Insert into ENROLMENT.CLASS_HISTORY (CLASS_ID,STUDENT_ID,SCORE,PERCENTAGE) values ('190161039604','2019759616','A',94.3);
Insert into ENROLMENT.CLASS_HISTORY (CLASS_ID,STUDENT_ID,SCORE,PERCENTAGE) values ('190161049605','2019759616','A+',100);
Insert into ENROLMENT.CLASS_HISTORY (CLASS_ID,STUDENT_ID,SCORE,PERCENTAGE) values ('190230049307','2019759616','D+',65.7);
Insert into ENROLMENT.CLASS_HISTORY (CLASS_ID,STUDENT_ID,SCORE,PERCENTAGE) values ('190230109314','2019759616','D',60);
Insert into ENROLMENT.CLASS_HISTORY (CLASS_ID,STUDENT_ID,SCORE,PERCENTAGE) values ('190230129317','2019759616','B+',88.6);
Insert into ENROLMENT.CLASS_HISTORY (CLASS_ID,STUDENT_ID,SCORE,PERCENTAGE) values ('190230189325','2019759616','B',82.9);
Insert into ENROLMENT.CLASS_HISTORY (CLASS_ID,STUDENT_ID,SCORE,PERCENTAGE) values ('190294059720','2019759616','C',71.4);
Insert into ENROLMENT.CLASS_HISTORY (CLASS_ID,STUDENT_ID,SCORE,PERCENTAGE) values ('190294049719','2019759616','C+',77.1);
Insert into ENROLMENT.CLASS_HISTORY (CLASS_ID,STUDENT_ID,SCORE,PERCENTAGE) values ('190261029602','2019759616','A',94.3);
Insert into ENROLMENT.CLASS_HISTORY (CLASS_ID,STUDENT_ID,SCORE,PERCENTAGE) values ('190130019301','2019552020','A+',100);
Insert into ENROLMENT.CLASS_HISTORY (CLASS_ID,STUDENT_ID,SCORE,PERCENTAGE) values ('190130039305','2019552020','D+',65.7);
Insert into ENROLMENT.CLASS_HISTORY (CLASS_ID,STUDENT_ID,SCORE,PERCENTAGE) values ('190130199326','2019552020','D',60);
Insert into ENROLMENT.CLASS_HISTORY (CLASS_ID,STUDENT_ID,SCORE,PERCENTAGE) values ('190130079311','2019552020','B+',88.6);
Insert into ENROLMENT.CLASS_HISTORY (CLASS_ID,STUDENT_ID,SCORE,PERCENTAGE) values ('190161039604','2019552020','B',82.9);
Insert into ENROLMENT.CLASS_HISTORY (CLASS_ID,STUDENT_ID,SCORE,PERCENTAGE) values ('190161049605','2019552020','C',71.4);
Insert into ENROLMENT.CLASS_HISTORY (CLASS_ID,STUDENT_ID,SCORE,PERCENTAGE) values ('190230049307','2019552020','C+',77.1);
Insert into ENROLMENT.CLASS_HISTORY (CLASS_ID,STUDENT_ID,SCORE,PERCENTAGE) values ('190230109314','2019552020','A',94.3);
Insert into ENROLMENT.CLASS_HISTORY (CLASS_ID,STUDENT_ID,SCORE,PERCENTAGE) values ('190230129317','2019552020','B+',88.6);
Insert into ENROLMENT.CLASS_HISTORY (CLASS_ID,STUDENT_ID,SCORE,PERCENTAGE) values ('190230189325','2019552020','B',82.9);
Insert into ENROLMENT.CLASS_HISTORY (CLASS_ID,STUDENT_ID,SCORE,PERCENTAGE) values ('190294059720','2019552020','C',71.4);
Insert into ENROLMENT.CLASS_HISTORY (CLASS_ID,STUDENT_ID,SCORE,PERCENTAGE) values ('190294049719','2019552020','C+',77.1);
Insert into ENROLMENT.CLASS_HISTORY (CLASS_ID,STUDENT_ID,SCORE,PERCENTAGE) values ('190261029602','2019552020','A',94.3);
Insert into ENROLMENT.CLASS_HISTORY (CLASS_ID,STUDENT_ID,SCORE,PERCENTAGE) values ('190130019301','2019248745','A+',100);
Insert into ENROLMENT.CLASS_HISTORY (CLASS_ID,STUDENT_ID,SCORE,PERCENTAGE) values ('190130039305','2019248745','D+',65.7);
Insert into ENROLMENT.CLASS_HISTORY (CLASS_ID,STUDENT_ID,SCORE,PERCENTAGE) values ('190130199326','2019248745','D',60);
Insert into ENROLMENT.CLASS_HISTORY (CLASS_ID,STUDENT_ID,SCORE,PERCENTAGE) values ('190130079311','2019248745','B+',88.6);
Insert into ENROLMENT.CLASS_HISTORY (CLASS_ID,STUDENT_ID,SCORE,PERCENTAGE) values ('190161039604','2019248745','B',82.9);
Insert into ENROLMENT.CLASS_HISTORY (CLASS_ID,STUDENT_ID,SCORE,PERCENTAGE) values ('190161049605','2019248745','C',71.4);
Insert into ENROLMENT.CLASS_HISTORY (CLASS_ID,STUDENT_ID,SCORE,PERCENTAGE) values ('190230049307','2019248745','C+',77.1);
Insert into ENROLMENT.CLASS_HISTORY (CLASS_ID,STUDENT_ID,SCORE,PERCENTAGE) values ('190230109314','2019248745','A',94.3);
Insert into ENROLMENT.CLASS_HISTORY (CLASS_ID,STUDENT_ID,SCORE,PERCENTAGE) values ('190230129317','2019248745','B+',88.6);
Insert into ENROLMENT.CLASS_HISTORY (CLASS_ID,STUDENT_ID,SCORE,PERCENTAGE) values ('190230189325','2019248745','B',82.9);
Insert into ENROLMENT.CLASS_HISTORY (CLASS_ID,STUDENT_ID,SCORE,PERCENTAGE) values ('190294059720','2019248745','C',71.4);
Insert into ENROLMENT.CLASS_HISTORY (CLASS_ID,STUDENT_ID,SCORE,PERCENTAGE) values ('190294049719','2019248745','C+',77.1);
Insert into ENROLMENT.CLASS_HISTORY (CLASS_ID,STUDENT_ID,SCORE,PERCENTAGE) values ('190261029602','2019248745','A',94.3);
Insert into ENROLMENT.CLASS_HISTORY (CLASS_ID,STUDENT_ID,SCORE,PERCENTAGE) values ('190130019301','2019244943','A+',100);
Insert into ENROLMENT.CLASS_HISTORY (CLASS_ID,STUDENT_ID,SCORE,PERCENTAGE) values ('190130039305','2019244943','D+',65.7);
Insert into ENROLMENT.CLASS_HISTORY (CLASS_ID,STUDENT_ID,SCORE,PERCENTAGE) values ('190130199326','2019244943','D',60);
Insert into ENROLMENT.CLASS_HISTORY (CLASS_ID,STUDENT_ID,SCORE,PERCENTAGE) values ('190130079311','2019244943','B+',88.6);
Insert into ENROLMENT.CLASS_HISTORY (CLASS_ID,STUDENT_ID,SCORE,PERCENTAGE) values ('190161039604','2019244943','B',82.9);
Insert into ENROLMENT.CLASS_HISTORY (CLASS_ID,STUDENT_ID,SCORE,PERCENTAGE) values ('190161049605','2019244943','C',71.4);
Insert into ENROLMENT.CLASS_HISTORY (CLASS_ID,STUDENT_ID,SCORE,PERCENTAGE) values ('190230049307','2019244943','C+',77.1);
Insert into ENROLMENT.CLASS_HISTORY (CLASS_ID,STUDENT_ID,SCORE,PERCENTAGE) values ('190230109314','2019244943','A',94.3);
Insert into ENROLMENT.CLASS_HISTORY (CLASS_ID,STUDENT_ID,SCORE,PERCENTAGE) values ('190230129317','2019244943','B+',88.6);
Insert into ENROLMENT.CLASS_HISTORY (CLASS_ID,STUDENT_ID,SCORE,PERCENTAGE) values ('190230189325','2019244943','B',82.9);
Insert into ENROLMENT.CLASS_HISTORY (CLASS_ID,STUDENT_ID,SCORE,PERCENTAGE) values ('190294059720','2019244943','C',71.4);
Insert into ENROLMENT.CLASS_HISTORY (CLASS_ID,STUDENT_ID,SCORE,PERCENTAGE) values ('190294049719','2019244943','C+',77.1);
Insert into ENROLMENT.CLASS_HISTORY (CLASS_ID,STUDENT_ID,SCORE,PERCENTAGE) values ('190261029602','2019244943','A',94.3);
Insert into ENROLMENT.CLASS_HISTORY (CLASS_ID,STUDENT_ID,SCORE,PERCENTAGE) values ('190130019301','2019227511','A+',100);
Insert into ENROLMENT.CLASS_HISTORY (CLASS_ID,STUDENT_ID,SCORE,PERCENTAGE) values ('190130039305','2019227511','D+',65.7);
Insert into ENROLMENT.CLASS_HISTORY (CLASS_ID,STUDENT_ID,SCORE,PERCENTAGE) values ('190130199326','2019227511','D',60);
Insert into ENROLMENT.CLASS_HISTORY (CLASS_ID,STUDENT_ID,SCORE,PERCENTAGE) values ('190130079311','2019227511','B+',88.6);
Insert into ENROLMENT.CLASS_HISTORY (CLASS_ID,STUDENT_ID,SCORE,PERCENTAGE) values ('190161039604','2019227511','B',82.9);
Insert into ENROLMENT.CLASS_HISTORY (CLASS_ID,STUDENT_ID,SCORE,PERCENTAGE) values ('190161049605','2019227511','C',71.4);
Insert into ENROLMENT.CLASS_HISTORY (CLASS_ID,STUDENT_ID,SCORE,PERCENTAGE) values ('190230049307','2019227511','C+',77.1);
Insert into ENROLMENT.CLASS_HISTORY (CLASS_ID,STUDENT_ID,SCORE,PERCENTAGE) values ('190230109314','2019227511','A',94.3);
Insert into ENROLMENT.CLASS_HISTORY (CLASS_ID,STUDENT_ID,SCORE,PERCENTAGE) values ('190230129317','2019227511','B+',88.6);
Insert into ENROLMENT.CLASS_HISTORY (CLASS_ID,STUDENT_ID,SCORE,PERCENTAGE) values ('190230189325','2019227511','B',82.9);
Insert into ENROLMENT.CLASS_HISTORY (CLASS_ID,STUDENT_ID,SCORE,PERCENTAGE) values ('190294059720','2019227511','C',71.4);
Insert into ENROLMENT.CLASS_HISTORY (CLASS_ID,STUDENT_ID,SCORE,PERCENTAGE) values ('190294049719','2019227511','C+',77.1);
Insert into ENROLMENT.CLASS_HISTORY (CLASS_ID,STUDENT_ID,SCORE,PERCENTAGE) values ('190261029602','2019227511','A',94.3);
Insert into ENROLMENT.CLASS_HISTORY (CLASS_ID,STUDENT_ID,SCORE,PERCENTAGE) values ('190120019201','2019537335','B',82.9);
Insert into ENROLMENT.CLASS_HISTORY (CLASS_ID,STUDENT_ID,SCORE,PERCENTAGE) values ('190120029204','2019537335','C',71.4);
Insert into ENROLMENT.CLASS_HISTORY (CLASS_ID,STUDENT_ID,SCORE,PERCENTAGE) values ('190120039205','2019537335','C',71.4);
Insert into ENROLMENT.CLASS_HISTORY (CLASS_ID,STUDENT_ID,SCORE,PERCENTAGE) values ('190120049206','2019537335','A+',100);
Insert into ENROLMENT.CLASS_HISTORY (CLASS_ID,STUDENT_ID,SCORE,PERCENTAGE) values ('190161039604','2019537335','A+',100);
Insert into ENROLMENT.CLASS_HISTORY (CLASS_ID,STUDENT_ID,SCORE,PERCENTAGE) values ('190161049605','2019537335','A+',100);
Insert into ENROLMENT.CLASS_HISTORY (CLASS_ID,STUDENT_ID,SCORE,PERCENTAGE) values ('190120019201','2019309909','A+',100);
Insert into ENROLMENT.CLASS_HISTORY (CLASS_ID,STUDENT_ID,SCORE,PERCENTAGE) values ('190120029204','2019309909','A+',100);
Insert into ENROLMENT.CLASS_HISTORY (CLASS_ID,STUDENT_ID,SCORE,PERCENTAGE) values ('190120039205','2019309909','B+',88.6);
Insert into ENROLMENT.CLASS_HISTORY (CLASS_ID,STUDENT_ID,SCORE,PERCENTAGE) values ('190120049206','2019309909','B+',88.6);
Insert into ENROLMENT.CLASS_HISTORY (CLASS_ID,STUDENT_ID,SCORE,PERCENTAGE) values ('190161039604','2019309909','B+',88.6);
Insert into ENROLMENT.CLASS_HISTORY (CLASS_ID,STUDENT_ID,SCORE,PERCENTAGE) values ('190161049605','2019309909','B+',88.6);
Insert into ENROLMENT.CLASS_HISTORY (CLASS_ID,STUDENT_ID,SCORE,PERCENTAGE) values ('190120019201','2019768543','B+',88.6);
Insert into ENROLMENT.CLASS_HISTORY (CLASS_ID,STUDENT_ID,SCORE,PERCENTAGE) values ('190120029204','2019768543','B+',88.6);
Insert into ENROLMENT.CLASS_HISTORY (CLASS_ID,STUDENT_ID,SCORE,PERCENTAGE) values ('190120039205','2019768543','A',94.3);
Insert into ENROLMENT.CLASS_HISTORY (CLASS_ID,STUDENT_ID,SCORE,PERCENTAGE) values ('190120049206','2019768543','B',82.9);
Insert into ENROLMENT.CLASS_HISTORY (CLASS_ID,STUDENT_ID,SCORE,PERCENTAGE) values ('190161039604','2019768543','B',82.9);
Insert into ENROLMENT.CLASS_HISTORY (CLASS_ID,STUDENT_ID,SCORE,PERCENTAGE) values ('190161049605','2019768543','A',94.3);
Insert into ENROLMENT.CLASS_HISTORY (CLASS_ID,STUDENT_ID,SCORE,PERCENTAGE) values ('190120019201','2019641872','B',82.9);
Insert into ENROLMENT.CLASS_HISTORY (CLASS_ID,STUDENT_ID,SCORE,PERCENTAGE) values ('190120029204','2019641872','C',71.4);
Insert into ENROLMENT.CLASS_HISTORY (CLASS_ID,STUDENT_ID,SCORE,PERCENTAGE) values ('190120039205','2019641872','C',71.4);
Insert into ENROLMENT.CLASS_HISTORY (CLASS_ID,STUDENT_ID,SCORE,PERCENTAGE) values ('190120049206','2019641872','A+',100);
Insert into ENROLMENT.CLASS_HISTORY (CLASS_ID,STUDENT_ID,SCORE,PERCENTAGE) values ('190161039604','2019641872','A+',100);
Insert into ENROLMENT.CLASS_HISTORY (CLASS_ID,STUDENT_ID,SCORE,PERCENTAGE) values ('190161049605','2019641872','A+',100);
Insert into ENROLMENT.CLASS_HISTORY (CLASS_ID,STUDENT_ID,SCORE,PERCENTAGE) values ('190220099212','2019292753','B',82.9);
Insert into ENROLMENT.CLASS_HISTORY (CLASS_ID,STUDENT_ID,SCORE,PERCENTAGE) values ('190220069207','2019292753','B+',88.6);
Insert into ENROLMENT.CLASS_HISTORY (CLASS_ID,STUDENT_ID,SCORE,PERCENTAGE) values ('190220079209','2019292753','A',94.3);
Insert into ENROLMENT.CLASS_HISTORY (CLASS_ID,STUDENT_ID,SCORE,PERCENTAGE) values ('190261019601','2019292753','A+',100);
Insert into ENROLMENT.CLASS_HISTORY (CLASS_ID,STUDENT_ID,SCORE,PERCENTAGE) values ('190261029602','2019292753','A',94.3);
Insert into ENROLMENT.CLASS_HISTORY (CLASS_ID,STUDENT_ID,SCORE,PERCENTAGE) values ('190220099212','2019537335','B',82.9);
Insert into ENROLMENT.CLASS_HISTORY (CLASS_ID,STUDENT_ID,SCORE,PERCENTAGE) values ('190220069207','2019537335','B+',88.6);
Insert into ENROLMENT.CLASS_HISTORY (CLASS_ID,STUDENT_ID,SCORE,PERCENTAGE) values ('190220079209','2019537335','B',82.9);
Insert into ENROLMENT.CLASS_HISTORY (CLASS_ID,STUDENT_ID,SCORE,PERCENTAGE) values ('190261019601','2019537335','C+',77.1);
Insert into ENROLMENT.CLASS_HISTORY (CLASS_ID,STUDENT_ID,SCORE,PERCENTAGE) values ('190261029602','2019537335','B',82.9);
Insert into ENROLMENT.CLASS_HISTORY (CLASS_ID,STUDENT_ID,SCORE,PERCENTAGE) values ('190220099212','2019309909','B',82.9);
Insert into ENROLMENT.CLASS_HISTORY (CLASS_ID,STUDENT_ID,SCORE,PERCENTAGE) values ('190220069207','2019309909','B',82.9);
Insert into ENROLMENT.CLASS_HISTORY (CLASS_ID,STUDENT_ID,SCORE,PERCENTAGE) values ('190220079209','2019309909','B',82.9);
Insert into ENROLMENT.CLASS_HISTORY (CLASS_ID,STUDENT_ID,SCORE,PERCENTAGE) values ('190261019601','2019309909','C',71.4);
Insert into ENROLMENT.CLASS_HISTORY (CLASS_ID,STUDENT_ID,SCORE,PERCENTAGE) values ('190261029602','2019309909','C',71.4);
Insert into ENROLMENT.CLASS_HISTORY (CLASS_ID,STUDENT_ID,SCORE,PERCENTAGE) values ('190220099212','2019768543','B',82.9);
Insert into ENROLMENT.CLASS_HISTORY (CLASS_ID,STUDENT_ID,SCORE,PERCENTAGE) values ('190220069207','2019768543','B+',88.6);
Insert into ENROLMENT.CLASS_HISTORY (CLASS_ID,STUDENT_ID,SCORE,PERCENTAGE) values ('190220079209','2019768543','B',82.9);
Insert into ENROLMENT.CLASS_HISTORY (CLASS_ID,STUDENT_ID,SCORE,PERCENTAGE) values ('190261019601','2019768543','C+',77.1);
Insert into ENROLMENT.CLASS_HISTORY (CLASS_ID,STUDENT_ID,SCORE,PERCENTAGE) values ('190261029602','2019768543','A',94.3);
Insert into ENROLMENT.CLASS_HISTORY (CLASS_ID,STUDENT_ID,SCORE,PERCENTAGE) values ('190220099212','2019641872','A',94.3);
Insert into ENROLMENT.CLASS_HISTORY (CLASS_ID,STUDENT_ID,SCORE,PERCENTAGE) values ('190220069207','2019641872','B+',88.6);
Insert into ENROLMENT.CLASS_HISTORY (CLASS_ID,STUDENT_ID,SCORE,PERCENTAGE) values ('190220079209','2019641872','B',82.9);
Insert into ENROLMENT.CLASS_HISTORY (CLASS_ID,STUDENT_ID,SCORE,PERCENTAGE) values ('190261019601','2019641872','B',82.9);
Insert into ENROLMENT.CLASS_HISTORY (CLASS_ID,STUDENT_ID,SCORE,PERCENTAGE) values ('190261029602','2019641872','C',71.4);
Insert into ENROLMENT.CLASS_HISTORY (CLASS_ID,STUDENT_ID,SCORE,PERCENTAGE) values ('190110029102','2019241954','A',94.3);
Insert into ENROLMENT.CLASS_HISTORY (CLASS_ID,STUDENT_ID,SCORE,PERCENTAGE) values ('190110129105','2019241954','B',82.9);
Insert into ENROLMENT.CLASS_HISTORY (CLASS_ID,STUDENT_ID,SCORE,PERCENTAGE) values ('190110119104','2019241954','B+',88.6);
Insert into ENROLMENT.CLASS_HISTORY (CLASS_ID,STUDENT_ID,SCORE,PERCENTAGE) values ('190161049605','2019241954','A',94.3);
Insert into ENROLMENT.CLASS_HISTORY (CLASS_ID,STUDENT_ID,SCORE,PERCENTAGE) values ('190110059105','2019241954','B+',88.6);
Insert into ENROLMENT.CLASS_HISTORY (CLASS_ID,STUDENT_ID,SCORE,PERCENTAGE) values ('190110099101','2019241954','B',82.9);
Insert into ENROLMENT.CLASS_HISTORY (CLASS_ID,STUDENT_ID,SCORE,PERCENTAGE) values ('190110029102','2019264816','C',71.4);
Insert into ENROLMENT.CLASS_HISTORY (CLASS_ID,STUDENT_ID,SCORE,PERCENTAGE) values ('190110129105','2019264816','B+',88.6);
Insert into ENROLMENT.CLASS_HISTORY (CLASS_ID,STUDENT_ID,SCORE,PERCENTAGE) values ('190110119104','2019264816','B',82.9);
Insert into ENROLMENT.CLASS_HISTORY (CLASS_ID,STUDENT_ID,SCORE,PERCENTAGE) values ('190161049605','2019264816','C',71.4);
Insert into ENROLMENT.CLASS_HISTORY (CLASS_ID,STUDENT_ID,SCORE,PERCENTAGE) values ('190110059105','2019264816','B',82.9);
Insert into ENROLMENT.CLASS_HISTORY (CLASS_ID,STUDENT_ID,SCORE,PERCENTAGE) values ('190110099101','2019264816','B',82.9);
Insert into ENROLMENT.CLASS_HISTORY (CLASS_ID,STUDENT_ID,SCORE,PERCENTAGE) values ('190110029102','2019403429','B+',88.6);
Insert into ENROLMENT.CLASS_HISTORY (CLASS_ID,STUDENT_ID,SCORE,PERCENTAGE) values ('190110129105','2019403429','C',71.4);
Insert into ENROLMENT.CLASS_HISTORY (CLASS_ID,STUDENT_ID,SCORE,PERCENTAGE) values ('190110119104','2019403429','A',94.3);
Insert into ENROLMENT.CLASS_HISTORY (CLASS_ID,STUDENT_ID,SCORE,PERCENTAGE) values ('190161049605','2019403429','B',82.9);
Insert into ENROLMENT.CLASS_HISTORY (CLASS_ID,STUDENT_ID,SCORE,PERCENTAGE) values ('190110059105','2019403429','A',94.3);
Insert into ENROLMENT.CLASS_HISTORY (CLASS_ID,STUDENT_ID,SCORE,PERCENTAGE) values ('190110099101','2019403429','C',71.4);
Insert into ENROLMENT.CLASS_HISTORY (CLASS_ID,STUDENT_ID,SCORE,PERCENTAGE) values ('190110029102','2019431340','B',82.9);
Insert into ENROLMENT.CLASS_HISTORY (CLASS_ID,STUDENT_ID,SCORE,PERCENTAGE) values ('190110129105','2019431340','A+',100);
Insert into ENROLMENT.CLASS_HISTORY (CLASS_ID,STUDENT_ID,SCORE,PERCENTAGE) values ('190110119104','2019431340','A',94.3);
Insert into ENROLMENT.CLASS_HISTORY (CLASS_ID,STUDENT_ID,SCORE,PERCENTAGE) values ('190161049605','2019431340','C',71.4);
Insert into ENROLMENT.CLASS_HISTORY (CLASS_ID,STUDENT_ID,SCORE,PERCENTAGE) values ('190110059105','2019431340','B',82.9);
Insert into ENROLMENT.CLASS_HISTORY (CLASS_ID,STUDENT_ID,SCORE,PERCENTAGE) values ('190110099101','2019431340','C',71.4);
Insert into ENROLMENT.CLASS_HISTORY (CLASS_ID,STUDENT_ID,SCORE,PERCENTAGE) values ('190110029102','2019597473','C+',77.1);
Insert into ENROLMENT.CLASS_HISTORY (CLASS_ID,STUDENT_ID,SCORE,PERCENTAGE) values ('190110129105','2019597473','C',71.4);
Insert into ENROLMENT.CLASS_HISTORY (CLASS_ID,STUDENT_ID,SCORE,PERCENTAGE) values ('190110119104','2019597473','B',82.9);
Insert into ENROLMENT.CLASS_HISTORY (CLASS_ID,STUDENT_ID,SCORE,PERCENTAGE) values ('190161049605','2019597473','D',60);
Insert into ENROLMENT.CLASS_HISTORY (CLASS_ID,STUDENT_ID,SCORE,PERCENTAGE) values ('190110059105','2019597473','C',71.4);
Insert into ENROLMENT.CLASS_HISTORY (CLASS_ID,STUDENT_ID,SCORE,PERCENTAGE) values ('190110099101','2019597473','B',82.9);
Insert into ENROLMENT.CLASS_HISTORY (CLASS_ID,STUDENT_ID,SCORE,PERCENTAGE) values ('190110029102','2019743527','A+',100);
Insert into ENROLMENT.CLASS_HISTORY (CLASS_ID,STUDENT_ID,SCORE,PERCENTAGE) values ('190110129105','2019743527','B',82.9);
Insert into ENROLMENT.CLASS_HISTORY (CLASS_ID,STUDENT_ID,SCORE,PERCENTAGE) values ('190110119104','2019743527','C',71.4);
Insert into ENROLMENT.CLASS_HISTORY (CLASS_ID,STUDENT_ID,SCORE,PERCENTAGE) values ('190161049605','2019743527','B',82.9);
Insert into ENROLMENT.CLASS_HISTORY (CLASS_ID,STUDENT_ID,SCORE,PERCENTAGE) values ('190110059105','2019743527','C',71.4);
Insert into ENROLMENT.CLASS_HISTORY (CLASS_ID,STUDENT_ID,SCORE,PERCENTAGE) values ('190110099101','2019743527','B',82.9);
Insert into ENROLMENT.CLASS_HISTORY (CLASS_ID,STUDENT_ID,SCORE,PERCENTAGE) values ('190110029102','2019936832','B',82.9);
Insert into ENROLMENT.CLASS_HISTORY (CLASS_ID,STUDENT_ID,SCORE,PERCENTAGE) values ('190110129105','2019936832','D',60);
Insert into ENROLMENT.CLASS_HISTORY (CLASS_ID,STUDENT_ID,SCORE,PERCENTAGE) values ('190110119104','2019936832','C',71.4);
Insert into ENROLMENT.CLASS_HISTORY (CLASS_ID,STUDENT_ID,SCORE,PERCENTAGE) values ('190161049605','2019936832','B+',88.6);
Insert into ENROLMENT.CLASS_HISTORY (CLASS_ID,STUDENT_ID,SCORE,PERCENTAGE) values ('190110059105','2019936832','B',82.9);
Insert into ENROLMENT.CLASS_HISTORY (CLASS_ID,STUDENT_ID,SCORE,PERCENTAGE) values ('190110099101','2019936832','C',71.4);
Insert into ENROLMENT.CLASS_HISTORY (CLASS_ID,STUDENT_ID,SCORE,PERCENTAGE) values ('190210049104','2019241954','C',71.4);
Insert into ENROLMENT.CLASS_HISTORY (CLASS_ID,STUDENT_ID,SCORE,PERCENTAGE) values ('190283059715','2019241954','B+',88.6);
Insert into ENROLMENT.CLASS_HISTORY (CLASS_ID,STUDENT_ID,SCORE,PERCENTAGE) values ('190210019101','2019241954','B',82.9);
Insert into ENROLMENT.CLASS_HISTORY (CLASS_ID,STUDENT_ID,SCORE,PERCENTAGE) values ('190294029717','2019241954','A+',100);
Insert into ENROLMENT.CLASS_HISTORY (CLASS_ID,STUDENT_ID,SCORE,PERCENTAGE) values ('190210139106','2019241954','A',94.3);
Insert into ENROLMENT.CLASS_HISTORY (CLASS_ID,STUDENT_ID,SCORE,PERCENTAGE) values ('190210149111','2019241954','B',82.9);
Insert into ENROLMENT.CLASS_HISTORY (CLASS_ID,STUDENT_ID,SCORE,PERCENTAGE) values ('190210049104','2019264816','A',94.3);
Insert into ENROLMENT.CLASS_HISTORY (CLASS_ID,STUDENT_ID,SCORE,PERCENTAGE) values ('190283059715','2019264816','B',82.9);
Insert into ENROLMENT.CLASS_HISTORY (CLASS_ID,STUDENT_ID,SCORE,PERCENTAGE) values ('190210019101','2019264816','B+',88.6);
Insert into ENROLMENT.CLASS_HISTORY (CLASS_ID,STUDENT_ID,SCORE,PERCENTAGE) values ('190294029717','2019264816','A',94.3);
Insert into ENROLMENT.CLASS_HISTORY (CLASS_ID,STUDENT_ID,SCORE,PERCENTAGE) values ('190210139106','2019264816','B',82.9);
Insert into ENROLMENT.CLASS_HISTORY (CLASS_ID,STUDENT_ID,SCORE,PERCENTAGE) values ('190210149111','2019264816','B',82.9);
Insert into ENROLMENT.CLASS_HISTORY (CLASS_ID,STUDENT_ID,SCORE,PERCENTAGE) values ('190210049104','2019403429','B',82.9);
Insert into ENROLMENT.CLASS_HISTORY (CLASS_ID,STUDENT_ID,SCORE,PERCENTAGE) values ('190283059715','2019403429','A',94.3);
Insert into ENROLMENT.CLASS_HISTORY (CLASS_ID,STUDENT_ID,SCORE,PERCENTAGE) values ('190210019101','2019403429','A',94.3);
Insert into ENROLMENT.CLASS_HISTORY (CLASS_ID,STUDENT_ID,SCORE,PERCENTAGE) values ('190294029717','2019403429','B+',88.6);
Insert into ENROLMENT.CLASS_HISTORY (CLASS_ID,STUDENT_ID,SCORE,PERCENTAGE) values ('190210139106','2019403429','C',71.4);
Insert into ENROLMENT.CLASS_HISTORY (CLASS_ID,STUDENT_ID,SCORE,PERCENTAGE) values ('190210149111','2019403429','B',82.9);
Insert into ENROLMENT.CLASS_HISTORY (CLASS_ID,STUDENT_ID,SCORE,PERCENTAGE) values ('190210049104','2019431340','C',71.4);
Insert into ENROLMENT.CLASS_HISTORY (CLASS_ID,STUDENT_ID,SCORE,PERCENTAGE) values ('190283059715','2019431340','A+',100);
Insert into ENROLMENT.CLASS_HISTORY (CLASS_ID,STUDENT_ID,SCORE,PERCENTAGE) values ('190210019101','2019431340','A+',100);
Insert into ENROLMENT.CLASS_HISTORY (CLASS_ID,STUDENT_ID,SCORE,PERCENTAGE) values ('190294029717','2019431340','C',71.4);
Insert into ENROLMENT.CLASS_HISTORY (CLASS_ID,STUDENT_ID,SCORE,PERCENTAGE) values ('190210139106','2019431340','B+',88.6);
Insert into ENROLMENT.CLASS_HISTORY (CLASS_ID,STUDENT_ID,SCORE,PERCENTAGE) values ('190210149111','2019431340','B',82.9);
Insert into ENROLMENT.CLASS_HISTORY (CLASS_ID,STUDENT_ID,SCORE,PERCENTAGE) values ('190210049104','2019597473','A+',100);
Insert into ENROLMENT.CLASS_HISTORY (CLASS_ID,STUDENT_ID,SCORE,PERCENTAGE) values ('190283059715','2019597473','B',82.9);
Insert into ENROLMENT.CLASS_HISTORY (CLASS_ID,STUDENT_ID,SCORE,PERCENTAGE) values ('190210019101','2019597473','C',71.4);
Insert into ENROLMENT.CLASS_HISTORY (CLASS_ID,STUDENT_ID,SCORE,PERCENTAGE) values ('190294029717','2019597473','B',82.9);
Insert into ENROLMENT.CLASS_HISTORY (CLASS_ID,STUDENT_ID,SCORE,PERCENTAGE) values ('190210139106','2019597473','C+',77.1);
Insert into ENROLMENT.CLASS_HISTORY (CLASS_ID,STUDENT_ID,SCORE,PERCENTAGE) values ('190210149111','2019597473','C',71.4);
Insert into ENROLMENT.CLASS_HISTORY (CLASS_ID,STUDENT_ID,SCORE,PERCENTAGE) values ('190210049104','2019743527','B+',88.6);
Insert into ENROLMENT.CLASS_HISTORY (CLASS_ID,STUDENT_ID,SCORE,PERCENTAGE) values ('190283059715','2019743527','C',71.4);
Insert into ENROLMENT.CLASS_HISTORY (CLASS_ID,STUDENT_ID,SCORE,PERCENTAGE) values ('190210019101','2019743527','C',71.4);
Insert into ENROLMENT.CLASS_HISTORY (CLASS_ID,STUDENT_ID,SCORE,PERCENTAGE) values ('190294029717','2019743527','B+',88.6);
Insert into ENROLMENT.CLASS_HISTORY (CLASS_ID,STUDENT_ID,SCORE,PERCENTAGE) values ('190210139106','2019743527','B',82.9);
Insert into ENROLMENT.CLASS_HISTORY (CLASS_ID,STUDENT_ID,SCORE,PERCENTAGE) values ('190210149111','2019743527','B+',88.6);
Insert into ENROLMENT.CLASS_HISTORY (CLASS_ID,STUDENT_ID,SCORE,PERCENTAGE) values ('190210049104','2019936832','C+',77.1);
Insert into ENROLMENT.CLASS_HISTORY (CLASS_ID,STUDENT_ID,SCORE,PERCENTAGE) values ('190283059715','2019936832','C+',77.1);
Insert into ENROLMENT.CLASS_HISTORY (CLASS_ID,STUDENT_ID,SCORE,PERCENTAGE) values ('190210019101','2019936832','B',82.9);
Insert into ENROLMENT.CLASS_HISTORY (CLASS_ID,STUDENT_ID,SCORE,PERCENTAGE) values ('190294029717','2019936832','C',71.4);
Insert into ENROLMENT.CLASS_HISTORY (CLASS_ID,STUDENT_ID,SCORE,PERCENTAGE) values ('190210139106','2019936832','B',82.9);
Insert into ENROLMENT.CLASS_HISTORY (CLASS_ID,STUDENT_ID,SCORE,PERCENTAGE) values ('190210149111','2019936832','B',82.9);
Insert into ENROLMENT.CLASS_HISTORY (CLASS_ID,STUDENT_ID,SCORE,PERCENTAGE) values ('190140019401','2019230431','A',90.2);
Insert into ENROLMENT.CLASS_HISTORY (CLASS_ID,STUDENT_ID,SCORE,PERCENTAGE) values ('190140069405','2019230431','B',82.4);
Insert into ENROLMENT.CLASS_HISTORY (CLASS_ID,STUDENT_ID,SCORE,PERCENTAGE) values ('190140099402','2019230431','B+',88.7);
Insert into ENROLMENT.CLASS_HISTORY (CLASS_ID,STUDENT_ID,SCORE,PERCENTAGE) values ('190172039608','2019230431','C+',75.4);
Insert into ENROLMENT.CLASS_HISTORY (CLASS_ID,STUDENT_ID,SCORE,PERCENTAGE) values ('190161049605','2019230431','B',84);
Insert into ENROLMENT.CLASS_HISTORY (CLASS_ID,STUDENT_ID,SCORE,PERCENTAGE) values ('190140029402','2019238759','B',83.5);
Insert into ENROLMENT.CLASS_HISTORY (CLASS_ID,STUDENT_ID,SCORE,PERCENTAGE) values ('190140059404','2019238759','B+',86.9);
Insert into ENROLMENT.CLASS_HISTORY (CLASS_ID,STUDENT_ID,SCORE,PERCENTAGE) values ('190140169412','2019238759','B',81.2);
Insert into ENROLMENT.CLASS_HISTORY (CLASS_ID,STUDENT_ID,SCORE,PERCENTAGE) values ('190183039713','2019238759','C',70.5);
Insert into ENROLMENT.CLASS_HISTORY (CLASS_ID,STUDENT_ID,SCORE,PERCENTAGE) values ('190183049714','2019238759','A',93.3);
Insert into ENROLMENT.CLASS_HISTORY (CLASS_ID,STUDENT_ID,SCORE,PERCENTAGE) values ('190172029607','2019238759','B+',87.8);
Insert into ENROLMENT.CLASS_HISTORY (CLASS_ID,STUDENT_ID,SCORE,PERCENTAGE) values ('190140019401','2019445901','A',93.1);
Insert into ENROLMENT.CLASS_HISTORY (CLASS_ID,STUDENT_ID,SCORE,PERCENTAGE) values ('190140099402','2019445901','A+',98.8);
Insert into ENROLMENT.CLASS_HISTORY (CLASS_ID,STUDENT_ID,SCORE,PERCENTAGE) values ('190140119408','2019445901','C+',77.2);
Insert into ENROLMENT.CLASS_HISTORY (CLASS_ID,STUDENT_ID,SCORE,PERCENTAGE) values ('190140169412','2019445901','B',82.7);
Insert into ENROLMENT.CLASS_HISTORY (CLASS_ID,STUDENT_ID,SCORE,PERCENTAGE) values ('190161029603','2019445901','D+',67.2);
Insert into ENROLMENT.CLASS_HISTORY (CLASS_ID,STUDENT_ID,SCORE,PERCENTAGE) values ('190172039608','2019445901','B+',88.8);
Insert into ENROLMENT.CLASS_HISTORY (CLASS_ID,STUDENT_ID,SCORE,PERCENTAGE) values ('190140029402','2019460713','B',83.2);
Insert into ENROLMENT.CLASS_HISTORY (CLASS_ID,STUDENT_ID,SCORE,PERCENTAGE) values ('190140079405','2019460713','B+',89);
Insert into ENROLMENT.CLASS_HISTORY (CLASS_ID,STUDENT_ID,SCORE,PERCENTAGE) values ('190140099402','2019460713','B+',87.4);
Insert into ENROLMENT.CLASS_HISTORY (CLASS_ID,STUDENT_ID,SCORE,PERCENTAGE) values ('190172059610','2019460713','B',82);
Insert into ENROLMENT.CLASS_HISTORY (CLASS_ID,STUDENT_ID,SCORE,PERCENTAGE) values ('190194039718','2019460713','C',70.4);
Insert into ENROLMENT.CLASS_HISTORY (CLASS_ID,STUDENT_ID,SCORE,PERCENTAGE) values ('190140039403','2019372207','A',94.6);
Insert into ENROLMENT.CLASS_HISTORY (CLASS_ID,STUDENT_ID,SCORE,PERCENTAGE) values ('190140109407','2019372207','A',90.2);
Insert into ENROLMENT.CLASS_HISTORY (CLASS_ID,STUDENT_ID,SCORE,PERCENTAGE) values ('190140149411','2019372207','B+',85.3);
Insert into ENROLMENT.CLASS_HISTORY (CLASS_ID,STUDENT_ID,SCORE,PERCENTAGE) values ('190140159406','2019372207','B+',87.3);
Insert into ENROLMENT.CLASS_HISTORY (CLASS_ID,STUDENT_ID,SCORE,PERCENTAGE) values ('190183049714','2019372207','B',81.5);
Insert into ENROLMENT.CLASS_HISTORY (CLASS_ID,STUDENT_ID,SCORE,PERCENTAGE) values ('190194049719','2019372207','A',93.3);
Insert into ENROLMENT.CLASS_HISTORY (CLASS_ID,STUDENT_ID,SCORE,PERCENTAGE) values ('190240029402','2019230431','D',60.3);
Insert into ENROLMENT.CLASS_HISTORY (CLASS_ID,STUDENT_ID,SCORE,PERCENTAGE) values ('190240059404','2019230431','B',83.1);
Insert into ENROLMENT.CLASS_HISTORY (CLASS_ID,STUDENT_ID,SCORE,PERCENTAGE) values ('190240169412','2019230431','C+',79);
Insert into ENROLMENT.CLASS_HISTORY (CLASS_ID,STUDENT_ID,SCORE,PERCENTAGE) values ('190283049714','2019230431','C+',78.4);
Insert into ENROLMENT.CLASS_HISTORY (CLASS_ID,STUDENT_ID,SCORE,PERCENTAGE) values ('190294049719','2019230431','D+',69.8);
Insert into ENROLMENT.CLASS_HISTORY (CLASS_ID,STUDENT_ID,SCORE,PERCENTAGE) values ('190240019401','2019238759','A',93.2);
Insert into ENROLMENT.CLASS_HISTORY (CLASS_ID,STUDENT_ID,SCORE,PERCENTAGE) values ('190240099402','2019238759','A',94.1);
Insert into ENROLMENT.CLASS_HISTORY (CLASS_ID,STUDENT_ID,SCORE,PERCENTAGE) values ('190240119408','2019238759','C+',78.9);
Insert into ENROLMENT.CLASS_HISTORY (CLASS_ID,STUDENT_ID,SCORE,PERCENTAGE) values ('190240169412','2019238759','B+',86.7);
Insert into ENROLMENT.CLASS_HISTORY (CLASS_ID,STUDENT_ID,SCORE,PERCENTAGE) values ('190294039718','2019238759','B',80.8);
Insert into ENROLMENT.CLASS_HISTORY (CLASS_ID,STUDENT_ID,SCORE,PERCENTAGE) values ('190294049719','2019238759','B+',86.9);
Insert into ENROLMENT.CLASS_HISTORY (CLASS_ID,STUDENT_ID,SCORE,PERCENTAGE) values ('190240029402','2019445901','B',84.5);
Insert into ENROLMENT.CLASS_HISTORY (CLASS_ID,STUDENT_ID,SCORE,PERCENTAGE) values ('190240039403','2019445901','A',94);
Insert into ENROLMENT.CLASS_HISTORY (CLASS_ID,STUDENT_ID,SCORE,PERCENTAGE) values ('190240059404','2019445901','A',93.8);
Insert into ENROLMENT.CLASS_HISTORY (CLASS_ID,STUDENT_ID,SCORE,PERCENTAGE) values ('190240149411','2019445901','C+',78.9);
Insert into ENROLMENT.CLASS_HISTORY (CLASS_ID,STUDENT_ID,SCORE,PERCENTAGE) values ('190283049714','2019445901','B',81.9);
Insert into ENROLMENT.CLASS_HISTORY (CLASS_ID,STUDENT_ID,SCORE,PERCENTAGE) values ('190272029607','2019445901','D+',69.5);
Insert into ENROLMENT.CLASS_HISTORY (CLASS_ID,STUDENT_ID,SCORE,PERCENTAGE) values ('190240039403','2019460713','A',93.9);
Insert into ENROLMENT.CLASS_HISTORY (CLASS_ID,STUDENT_ID,SCORE,PERCENTAGE) values ('190240109407','2019460713','A+',97.6);
Insert into ENROLMENT.CLASS_HISTORY (CLASS_ID,STUDENT_ID,SCORE,PERCENTAGE) values ('190240149411','2019460713','C+',76.6);
Insert into ENROLMENT.CLASS_HISTORY (CLASS_ID,STUDENT_ID,SCORE,PERCENTAGE) values ('190240159406','2019460713','B+',88.9);
Insert into ENROLMENT.CLASS_HISTORY (CLASS_ID,STUDENT_ID,SCORE,PERCENTAGE) values ('190261029603','2019460713','B+',89.2);
Insert into ENROLMENT.CLASS_HISTORY (CLASS_ID,STUDENT_ID,SCORE,PERCENTAGE) values ('190272039608','2019460713','B',82.6);
Insert into ENROLMENT.CLASS_HISTORY (CLASS_ID,STUDENT_ID,SCORE,PERCENTAGE) values ('190240029402','2019372207','B',83.4);
Insert into ENROLMENT.CLASS_HISTORY (CLASS_ID,STUDENT_ID,SCORE,PERCENTAGE) values ('190240079405','2019372207','B+',89.5);
Insert into ENROLMENT.CLASS_HISTORY (CLASS_ID,STUDENT_ID,SCORE,PERCENTAGE) values ('190240099402','2019372207','C+',78.8);
Insert into ENROLMENT.CLASS_HISTORY (CLASS_ID,STUDENT_ID,SCORE,PERCENTAGE) values ('190272059610','2019372207','D',62.3);
Insert into ENROLMENT.CLASS_HISTORY (CLASS_ID,STUDENT_ID,SCORE,PERCENTAGE) values ('190294039718','2019372207','A',94.3);


--------------------------------------------------------------------------------------------------------------------------------------------------------------------------------------------------------------
